# Blender 5.0.1
# www.blender.org
mtllib inquisitorboat.mtl
o Cube
v 1.042953 -0.709848 1.521303
v 1.063128 0.700389 1.722919
v 1.003345 -0.709848 -4.380484
v 1.023521 0.700389 -4.179047
v 0.000000 -1.097877 -4.451605
v 0.000000 0.634890 -4.252835
v 0.000000 -0.943258 2.321092
v 0.000000 0.823189 3.318284
v 1.311131 -0.770831 -1.216613
v 1.391833 0.634890 -1.205302
v 0.000000 -0.190659 -1.578206
v 0.000000 -1.317452 -1.221100
v 0.570914 0.667964 -4.239714
v 0.522394 -0.914566 1.852483
v 0.517113 -0.940336 -4.451605
v 0.581991 0.686910 2.571544
v 0.984212 -0.190659 -1.578206
v 0.561936 -1.128403 -1.219399
v 1.217175 0.014034 -4.380484
v 1.248860 0.014034 1.904338
v 0.000000 0.565565 3.914809
v 0.000000 -0.052909 -4.451605
v 1.710756 0.021700 -1.226972
v 0.556523 0.081678 3.043590
v 0.556523 -0.021401 -4.451605
v 1.293597 0.667964 0.547402
v 0.000000 0.011425 2.862541
v 0.000000 -1.317452 0.353136
v 1.226345 -0.770831 0.295311
v 0.681793 -0.181790 2.296872
v 0.544979 -1.128403 0.278713
v 1.609012 0.021700 0.385824
v 1.195271 -0.770831 -2.625377
v 1.275973 0.634890 -2.684894
v 0.000000 -0.190659 -3.062682
v 0.000000 -1.317452 -2.581870
v 0.538764 -1.128403 -2.580641
v 0.984212 -0.190659 -3.062682
v 1.571724 0.021700 -2.773102
v 1.090907 -0.770831 -3.526225
v 1.158159 0.667964 -3.575823
v 0.000000 -0.190659 -3.804919
v 0.000000 -1.317452 -3.447814
v 0.517891 -1.128403 -3.447247
v 0.820177 -0.190659 -3.681213
v 1.446486 0.021700 -3.769400
v 1.136188 -0.431237 -4.380484
v 1.045846 -0.760545 -3.897959
v 1.168289 0.718229 1.254154
v 1.169341 -0.431237 1.764299
v 0.000000 0.483611 3.020711
v 0.000000 -1.270678 1.290451
v 0.000000 -0.193365 3.330958
v 0.000000 -0.637893 -4.451605
v 1.295413 -0.770831 -0.458789
v 1.346365 0.634890 -2.017348
v 0.000000 -0.190659 -2.320444
v 0.000000 -1.317452 -1.947875
v 1.597214 -0.419816 -1.222662
v 0.552842 -1.128403 -1.946232
v 0.984212 -0.190659 -2.320444
v 0.541659 -0.469280 2.614017
v 0.736379 0.397786 2.410324
v 0.527013 -1.101674 1.054270
v 0.540999 -0.543368 -4.451605
v 1.139364 0.462309 -4.380484
v 1.172516 0.462309 1.835721
v 0.000000 0.896486 3.772856
v 0.000000 0.447748 -4.451605
v 1.607302 0.457074 -1.221248
v 0.548384 0.530610 2.920252
v 0.547724 0.455821 -4.451605
v 1.656194 0.021700 -2.046104
v 1.473137 0.020742 1.175682
v 1.374434 0.639024 -0.311139
v 0.000000 -0.089617 0.642168
v 0.000000 -1.317452 -0.467642
v 1.127284 -0.760545 1.017982
v 0.984212 -0.190659 0.438942
v 0.558792 -1.128403 -0.475882
v 1.691894 0.021700 -0.414119
v 1.497590 -0.419816 0.351976
v 1.505997 0.461208 0.383487
v 1.265664 -0.770831 -1.966684
v 1.216519 0.639024 -3.182338
v 0.000000 -0.190659 -3.433801
v 0.000000 -1.317452 -3.061231
v 0.527209 -1.128403 -3.060369
v 0.963708 -0.190659 -3.418337
v 1.502396 0.021700 -3.324624
v 1.461079 -0.419816 -2.717398
v 1.471166 0.457074 -2.724837
v 1.137498 -0.770831 -3.124061
v 1.086850 0.718229 -3.928200
v 0.000000 0.359032 -4.005333
v 0.000000 -1.290005 -3.819341
v 0.511085 -1.104895 -3.818657
v 0.676663 0.447918 -3.967729
v 1.377567 0.020742 -4.180148
v 1.346857 0.461208 -3.684268
v 1.338450 -0.419816 -3.678068
v 1.373667 0.466254 1.150280
v 1.553877 0.457074 -2.022244
v 1.543789 -0.419816 -2.015911
v 1.368460 -0.420036 1.115268
v 1.578745 -0.419816 -0.430593
v 1.588622 0.457591 -0.412136
v 1.393195 -0.419816 -3.249197
v 1.403072 0.457591 -3.256482
v 1.279639 0.466254 -4.077312
v 1.274432 -0.420036 -4.073471
v -1.042953 -0.709848 1.521303
v -1.063128 0.700389 1.722919
v -1.003345 -0.709848 -4.380484
v -1.023521 0.700389 -4.179047
v -1.311131 -0.770831 -1.216613
v -1.391833 0.634890 -1.205302
v -0.570914 0.667964 -4.239714
v -0.522394 -0.914566 1.852483
v -0.517113 -0.940336 -4.451605
v -0.581991 0.686910 2.571544
v -0.984212 -0.190659 -1.578206
v -0.561936 -1.128403 -1.219399
v -1.217175 0.014034 -4.380484
v -1.248860 0.014034 1.904338
v -1.710756 0.021700 -1.226972
v -0.556523 0.081678 3.043590
v -0.556523 -0.021401 -4.451605
v -1.293597 0.667964 0.547402
v -1.226345 -0.770831 0.295311
v -0.681793 -0.181790 2.296872
v -0.544979 -1.128403 0.278713
v -1.609012 0.021700 0.385824
v -1.195271 -0.770831 -2.625377
v -1.275973 0.634890 -2.684894
v -0.538764 -1.128403 -2.580641
v -0.984212 -0.190659 -3.062682
v -1.571724 0.021700 -2.773102
v -1.090907 -0.770831 -3.526225
v -1.158159 0.667964 -3.575823
v -0.517891 -1.128403 -3.447247
v -0.820177 -0.190659 -3.681213
v -1.446486 0.021700 -3.769400
v -1.136188 -0.431237 -4.380484
v -1.045846 -0.760545 -3.897959
v -1.168289 0.718229 1.254154
v -1.169341 -0.431237 1.764299
v -1.295413 -0.770831 -0.458789
v -1.346365 0.634890 -2.017348
v -1.597214 -0.419816 -1.222662
v -0.552842 -1.128403 -1.946232
v -0.984212 -0.190659 -2.320444
v -0.541659 -0.469280 2.614017
v -0.736379 0.397786 2.410324
v -0.527013 -1.101674 1.054270
v -0.540999 -0.543368 -4.451605
v -1.139364 0.462309 -4.380484
v -1.172516 0.462309 1.835721
v -1.607302 0.457074 -1.221248
v -0.548384 0.530610 2.920252
v -0.547724 0.455821 -4.451605
v -1.656194 0.021700 -2.046104
v -1.473137 0.020742 1.175682
v -1.374434 0.639024 -0.311139
v -1.127284 -0.760545 1.017982
v -0.984212 -0.190659 0.438942
v -0.558792 -1.128403 -0.475882
v -1.691894 0.021700 -0.414119
v -1.497590 -0.419816 0.351976
v -1.505997 0.461208 0.383487
v -1.265664 -0.770831 -1.966684
v -1.216519 0.639024 -3.182338
v -0.527209 -1.128403 -3.060369
v -0.963708 -0.190659 -3.418337
v -1.502396 0.021700 -3.324624
v -1.461079 -0.419816 -2.717398
v -1.471166 0.457074 -2.724837
v -1.137498 -0.770831 -3.124061
v -1.086850 0.718229 -3.928200
v -0.511085 -1.104895 -3.818657
v -0.676663 0.447918 -3.967729
v -1.377567 0.020742 -4.180148
v -1.346857 0.461208 -3.684268
v -1.338450 -0.419816 -3.678068
v -1.373667 0.466254 1.150280
v -1.553877 0.457074 -2.022244
v -1.543789 -0.419816 -2.015911
v -1.368460 -0.420036 1.115268
v -1.578745 -0.419816 -0.430593
v -1.588622 0.457591 -0.412136
v -1.393195 -0.419816 -3.249197
v -1.403072 0.457591 -3.256482
v -1.279639 0.466254 -4.077312
v -1.274432 -0.420036 -4.073471
v -1.477742 0.199538 1.176060
v -1.453742 0.307053 1.169908
v 0.000000 0.797525 3.863775
v 0.000000 0.695704 3.907453
v -1.660849 0.196038 -2.041103
v -1.635594 0.303519 -2.035168
v -1.260185 0.193383 1.895021
v -1.241933 0.301442 1.878112
v -0.588966 0.367796 2.989995
v -0.590933 0.259392 3.019773
v 0.000000 0.141959 -4.496201
v 0.000000 0.252880 -4.496201
v -0.551102 0.272638 -4.496201
v -0.553146 0.161782 -4.496201
v -1.715177 0.195950 -1.225770
v -1.689631 0.303456 -1.224337
v -1.696314 0.196127 -0.410663
v -1.670838 0.303643 -0.410130
v -1.587930 0.305326 0.390303
v -1.613140 0.197802 0.390823
v -1.507912 0.196672 -3.304398
v -1.483474 0.303924 -3.287628
v -1.552064 0.303595 -2.748248
v -1.576863 0.196216 -2.760174
v -1.214834 0.189456 -4.415395
v -1.193745 0.299131 -4.416920
v -1.380720 0.200579 -4.156830
v -1.357685 0.307666 -4.130764
v -1.427335 0.305857 -3.722703
v -1.451577 0.198806 -3.743603
v 1.187841 0.183025 -4.380484
v 1.168697 0.293318 -4.380484
v 1.219887 0.184158 1.878297
v 1.201490 0.292185 1.861762
v 0.000000 0.680114 3.865671
v 0.000000 0.781936 3.821993
v 0.000000 0.252880 -4.451605
v 0.000000 0.141959 -4.451605
v 1.671802 0.185634 -1.224817
v 1.646256 0.293140 -1.223403
v 0.551471 0.360345 2.967030
v 0.553436 0.251943 2.996812
v 0.551102 0.272638 -4.451605
v 0.553146 0.161782 -4.451605
v 1.544903 0.295218 0.384370
v 1.570106 0.187691 0.384941
v 1.509043 0.293080 -2.743017
v 1.533846 0.185694 -2.754922
v 1.384535 0.294994 -3.716463
v 1.408808 0.187914 -3.737205
v 1.435405 0.189741 1.166046
v 1.411400 0.297255 1.159916
v 1.617665 0.185645 -2.037119
v 1.592405 0.293129 -2.031229
v 1.652995 0.185887 -0.413372
v 1.627522 0.293404 -0.412883
v 1.464954 0.186014 -3.298937
v 1.440513 0.293276 -3.282169
v 1.340361 0.190007 -4.141077
v 1.316845 0.296989 -4.116383
v -1.168697 0.293318 -4.380484
v -1.187841 0.183025 -4.380484
v -1.201490 0.292185 1.861762
v -1.219887 0.184158 1.878297
v -1.646256 0.293140 -1.223403
v -1.671802 0.185634 -1.224817
v -0.553436 0.251943 2.996812
v -0.551471 0.360345 2.967030
v -0.553146 0.161782 -4.451605
v -0.551102 0.272638 -4.451605
v -1.570106 0.187691 0.384941
v -1.544903 0.295218 0.384370
v -1.533846 0.185694 -2.754922
v -1.509043 0.293080 -2.743017
v -1.408808 0.187914 -3.737205
v -1.384535 0.294994 -3.716463
v -1.411400 0.297255 1.159916
v -1.435405 0.189741 1.166046
v -1.592405 0.293129 -2.031229
v -1.617665 0.185645 -2.037119
v -1.627522 0.293404 -0.412883
v -1.652995 0.185887 -0.413372
v -1.440513 0.293276 -3.282169
v -1.464954 0.186014 -3.298937
v -1.316845 0.296989 -4.116383
v -1.340361 0.190007 -4.141077
v 1.380720 0.200579 -4.156830
v 1.357685 0.307666 -4.130764
v 1.427335 0.305857 -3.722703
v 1.451577 0.198806 -3.743603
v 1.214834 0.189456 -4.415395
v 1.193745 0.299131 -4.416920
v 1.507912 0.196672 -3.304398
v 1.483474 0.303924 -3.287628
v 1.552064 0.303595 -2.748248
v 1.576863 0.196216 -2.760174
v 1.696314 0.196127 -0.410663
v 1.670838 0.303643 -0.410130
v 1.587930 0.305326 0.390303
v 1.613140 0.197802 0.390823
v 1.715177 0.195950 -1.225770
v 1.689631 0.303456 -1.224337
v 0.551102 0.272638 -4.496201
v 0.553146 0.161782 -4.496201
v 0.588966 0.367796 2.989995
v 0.590933 0.259392 3.019773
v 1.260185 0.193383 1.895021
v 1.241933 0.301442 1.878112
v 1.660849 0.196038 -2.041103
v 1.635594 0.303519 -2.035168
v 1.477742 0.199538 1.176060
v 1.453742 0.307053 1.169908
vn 0.4785 -0.8761 0.0590
vn 0.1383 -0.9803 0.1408
vn -0.2387 0.9700 0.0451
vn 0.7660 0.6333 0.1102
vn 0.8175 0.5293 0.2270
vn -0.2384 -0.9701 -0.0452
vn 0.4794 -0.8569 0.1893
vn 0.4616 -0.8866 -0.0302
vn -0.6461 0.3400 -0.6833
vn 0.5284 0.8420 0.1091
vn 0.1389 0.9802 -0.1411
vn -0.0000 1.0000 -0.0000
vn -0.2306 0.9730 -0.0056
vn 0.3273 -0.9449 -0.0036
vn 0.4392 -0.8983 -0.0162
vn -0.9352 0.3511 0.0467
vn -0.2074 0.9767 -0.0546
vn 0.6556 0.7516 -0.0733
vn 0.6419 0.7658 -0.0394
vn 0.0665 0.6822 -0.7282
vn 0.3212 -0.9470 -0.0020
vn 0.3279 -0.9437 0.0439
vn -0.9101 0.4134 0.0266
vn 0.7080 0.5901 0.3880
vn 0.9637 0.2374 -0.1222
vn -0.9429 0.2199 -0.2501
vn 0.1823 0.9799 0.0816
vn -0.9122 0.0664 -0.4044
vn 0.7718 -0.3691 0.5177
vn 0.3418 -0.9044 0.2553
vn -0.0182 0.7174 -0.6965
vn -0.1012 0.9173 -0.3850
vn -0.0000 -0.0000 -1.0000
vn 0.5796 -0.5027 0.6413
vn 0.1139 -0.0114 -0.9934
vn 0.5793 -0.6988 0.4196
vn 0.7788 -0.6211 -0.0877
vn 0.9607 -0.2536 -0.1124
vn 0.9661 -0.2497 -0.0647
vn 0.7766 -0.6280 -0.0498
vn 0.3197 -0.9475 0.0007
vn 0.3923 -0.7645 0.5115
vn 0.7838 -0.6085 0.1245
vn 0.9542 -0.2511 0.1626
vn 0.9250 -0.2559 0.2809
vn 0.7843 -0.5827 0.2129
vn -0.9013 0.4331 -0.0060
vn 0.1405 -0.0326 -0.9895
vn 0.7763 -0.6302 0.0171
vn 0.9683 -0.2489 0.0225
vn 0.9629 -0.2506 0.0998
vn 0.7779 -0.6237 0.0760
vn 0.3243 -0.9460 0.0028
vn 0.0488 0.9985 -0.0238
vn -0.9265 0.3510 -0.1356
vn 0.4336 -0.9011 0.0054
vn 0.1676 0.9858 -0.0141
vn 0.3402 -0.9403 -0.0041
vn 0.4497 -0.8928 0.0247
vn -0.9191 0.2621 0.2943
vn -0.0358 -0.9994 -0.0000
vn 0.6433 0.7656 0.0115
vn 0.6902 0.7216 0.0540
vn 0.2269 -0.9736 0.0257
vn 0.7906 -0.6047 -0.0964
vn 0.9583 -0.2587 -0.1214
vn 0.9588 -0.2567 -0.1214
vn 0.7847 -0.6125 -0.0957
vn -0.9555 0.2806 0.0909
vn 0.5137 -0.8572 -0.0364
vn 0.3343 -0.9425 -0.0040
vn -0.3428 0.8336 0.4332
vn 0.7007 0.7101 -0.0696
vn 0.6704 0.7377 -0.0798
vn -0.0453 -0.9968 -0.0653
vn 0.4891 -0.8716 -0.0347
vn 0.4814 -0.8576 -0.1812
vn -0.0978 0.7099 0.6975
vn -0.1211 0.3638 0.9236
vn 0.3057 -0.9168 -0.2570
vn 0.5260 -0.8471 -0.0752
vn -0.1216 0.0059 -0.9926
vn -0.9629 0.2403 -0.1228
vn 0.7059 0.6484 -0.2849
vn 0.7409 0.6657 -0.0883
vn -0.9637 0.2374 -0.1222
vn 0.3410 -0.9376 -0.0674
vn -0.8558 0.1778 0.4858
vn -0.6823 0.3713 0.6298
vn -0.8507 0.1856 0.4919
vn 0.8161 -0.5370 -0.2137
vn 0.8415 -0.2335 -0.4871
vn 0.9520 -0.2630 -0.1566
vn 0.7902 -0.6010 -0.1202
vn -0.1383 -0.9803 0.1408
vn -0.4785 -0.8761 0.0590
vn -0.7660 0.6333 0.1102
vn -0.8175 0.5293 0.2270
vn -0.4794 -0.8569 0.1893
vn -0.4616 -0.8866 -0.0302
vn 0.6461 0.3400 -0.6833
vn -0.5284 0.8420 0.1091
vn 0.2198 -0.9747 0.0403
vn 0.2198 0.9747 -0.0402
vn -0.3273 -0.9449 -0.0036
vn -0.4392 -0.8983 -0.0162
vn 0.9352 0.3511 0.0467
vn 0.9656 0.2343 -0.1129
vn -0.6556 0.7516 -0.0733
vn -0.6419 0.7658 -0.0394
vn -0.5940 0.2299 -0.7709
vn -0.3212 -0.9470 -0.0020
vn -0.3279 -0.9437 0.0439
vn 0.9101 0.4134 0.0266
vn -0.7080 0.5901 0.3880
vn 0.5940 0.2299 -0.7709
vn 0.9429 0.2199 -0.2501
vn -0.0665 0.6822 -0.7282
vn 0.9122 0.0664 -0.4044
vn -0.7718 -0.3691 0.5177
vn -0.3418 -0.9044 0.2553
vn 0.0182 0.7174 -0.6965
vn -0.9728 0.2306 0.0224
vn -0.9685 0.2283 0.0999
vn -0.5796 -0.5027 0.6413
vn -0.1139 -0.0114 -0.9934
vn -0.5793 -0.6988 0.4196
vn -0.7788 -0.6211 -0.0877
vn -0.9607 -0.2536 -0.1124
vn -0.9661 -0.2497 -0.0647
vn -0.7766 -0.6280 -0.0498
vn -0.3197 -0.9475 0.0007
vn -0.3923 -0.7645 0.5115
vn -0.7838 -0.6085 0.1245
vn -0.9542 -0.2511 0.1626
vn -0.9250 -0.2559 0.2809
vn -0.7843 -0.5827 0.2129
vn 0.9013 0.4331 -0.0060
vn -0.1405 -0.0326 -0.9895
vn -0.7763 -0.6302 0.0171
vn -0.9683 -0.2489 0.0225
vn -0.9629 -0.2506 0.0998
vn -0.7779 -0.6237 0.0760
vn -0.3243 -0.9460 0.0028
vn -0.0488 0.9985 -0.0238
vn 0.9265 0.3510 -0.1356
vn -0.4336 -0.9011 0.0054
vn -0.1676 0.9858 -0.0141
vn -0.3402 -0.9403 -0.0041
vn -0.4497 -0.8928 0.0247
vn 0.9191 0.2621 0.2943
vn -0.6433 0.7656 0.0115
vn -0.6902 0.7216 0.0540
vn -0.1389 0.9802 -0.1411
vn -0.7906 -0.6047 -0.0964
vn -0.9583 -0.2587 -0.1214
vn -0.9588 -0.2567 -0.1214
vn -0.7847 -0.6125 -0.0957
vn 0.9555 0.2806 0.0909
vn -0.5137 -0.8572 -0.0364
vn -0.3343 -0.9425 -0.0040
vn 0.9728 0.2306 0.0224
vn -0.7007 0.7101 -0.0696
vn -0.6704 0.7377 -0.0798
vn -0.4891 -0.8716 -0.0347
vn -0.4814 -0.8576 -0.1812
vn 0.0978 0.7099 0.6975
vn 0.1211 0.3638 0.9236
vn -0.3057 -0.9168 -0.2570
vn -0.5260 -0.8471 -0.0752
vn 0.3428 0.8336 0.4332
vn -0.8295 0.2266 -0.5104
vn -0.7059 0.6484 -0.2849
vn -0.7409 0.6657 -0.0883
vn -0.9554 0.2466 -0.1624
vn -0.3410 -0.9376 -0.0674
vn 0.8558 0.1778 0.4858
vn 0.6823 0.3713 0.6298
vn 0.8507 0.1856 0.4919
vn -0.8161 -0.5370 -0.2137
vn -0.8415 -0.2335 -0.4871
vn -0.9520 -0.2630 -0.1566
vn -0.7902 -0.6010 -0.1202
vn 0.0453 -0.9968 -0.0653
vn 0.1216 0.0059 -0.9926
vn 0.2387 0.9700 0.0451
vn -0.0442 0.9973 0.0579
vn 0.0358 -0.9994 -0.0000
vn -0.0358 0.9994 -0.0000
vn -0.2198 -0.9747 0.0403
vn -0.2198 0.9747 -0.0402
vn 0.2306 -0.9730 0.0056
vn 0.2072 -0.9768 0.0547
vn -0.2072 -0.9768 0.0547
vn -0.2306 -0.9730 0.0056
vn 0.2074 0.9767 -0.0546
vn 0.9603 0.2249 0.1649
vn 0.9350 0.2135 0.2831
vn 0.9707 0.2316 -0.0647
vn -0.9707 0.2316 -0.0647
vn 0.9685 0.2283 0.0999
vn 0.9629 0.2403 -0.1228
vn 0.8295 0.2266 -0.5104
vn 0.9554 0.2466 -0.1624
vn -0.9603 0.2249 0.1649
vn -0.9350 0.2135 0.2831
vn -0.9656 0.2343 -0.1129
vn 0.0358 0.9994 -0.0000
vn -0.1016 -0.9172 0.3852
vn 0.1016 -0.9172 0.3852
vn 0.2306 0.9730 -0.0056
vn 0.8686 0.1666 0.4667
vn -0.2269 0.9736 -0.0256
vn -0.2269 -0.9736 0.0257
vn 0.2391 -0.9704 -0.0351
vn 0.2269 0.9736 -0.0256
vn -0.2387 0.9705 0.0349
vn 0.2329 -0.9721 -0.0274
vn 0.2355 -0.9714 -0.0305
vn -0.2328 0.9721 0.0273
vn -0.2391 -0.9704 -0.0351
vn -0.2329 -0.9721 -0.0274
vn 0.2318 -0.9726 -0.0155
vn 0.2387 0.9705 0.0349
vn 0.2328 0.9721 0.0273
vn -0.2353 0.9714 0.0304
vn -0.2318 0.9726 0.0155
vn -0.2355 -0.9714 -0.0305
vn -0.2318 -0.9726 -0.0155
vn 0.1850 -0.9793 -0.0827
vn 0.1087 0.0101 -0.9940
vn 0.2353 0.9714 0.0304
vn 0.2318 0.9726 0.0155
vn -0.1823 0.9799 0.0816
vn -0.1850 -0.9793 -0.0827
vn 0.2384 -0.9701 -0.0452
vn 0.1166 0.0108 -0.9931
vn 0.8679 0.2221 -0.4443
vn 0.7913 0.2215 -0.5699
vn 0.8545 0.1844 0.4857
vn 0.9338 0.2139 0.2868
vn 0.8467 0.1864 0.4984
vn -0.1087 0.0101 -0.9940
vn 0.9363 0.2135 0.2788
vn -0.8623 0.1700 0.4770
vn -0.8686 0.1666 0.4667
vn 0.8623 0.1700 0.4770
vn 0.1012 0.9173 -0.3850
vn 0.9728 0.2306 0.0225
vn 0.9603 0.2249 0.1652
vn 0.9684 0.2283 0.1002
vn 0.9604 0.2249 0.1645
vn 0.9685 0.2283 0.0997
vn 0.9656 0.2343 -0.1125
vn 0.9638 0.2373 -0.1215
vn 0.9655 0.2343 -0.1134
vn 0.9636 0.2375 -0.1228
vn 0.9631 0.2402 -0.1217
vn 0.9555 0.2474 -0.1608
vn 0.9627 0.2405 -0.1238
vn 0.9556 0.2474 -0.1604
vn -0.1166 0.0108 -0.9931
vn -0.7913 0.2215 -0.5699
vn -0.8467 0.1864 0.4984
vn -0.8679 0.2221 -0.4443
vn -0.9338 0.2139 0.2868
vn -0.8545 0.1844 0.4857
vn -0.9363 0.2135 0.2788
vn 0.0442 0.9973 0.0579
vn -0.9728 0.2306 0.0225
vn -0.9603 0.2249 0.1652
vn -0.9685 0.2283 0.0997
vn -0.9684 0.2283 0.1002
vn -0.9604 0.2249 0.1645
vn -0.9656 0.2343 -0.1125
vn -0.9636 0.2375 -0.1228
vn -0.9638 0.2373 -0.1215
vn -0.9655 0.2343 -0.1134
vn -0.9631 0.2402 -0.1217
vn -0.9556 0.2474 -0.1604
vn -0.9555 0.2474 -0.1608
vn -0.9627 0.2405 -0.1238
vt 0.524441 0.454761
vt 0.528601 0.425023
vt 0.553073 0.423721
vt 0.552234 0.455650
vt 0.047880 0.037637
vt 0.020397 0.083691
vt 0.018745 0.082999
vt 0.046343 0.036689
vt 0.264918 0.328584
vt 0.267704 0.312123
vt 0.269456 0.312377
vt 0.266589 0.329173
vt 0.471379 0.152107
vt 0.461627 0.143494
vt 0.460020 0.113998
vt 0.471657 0.120144
vt 0.460831 0.094227
vt 0.471558 0.090778
vt 0.125728 0.331480
vt 0.128547 0.314858
vt 0.130314 0.315118
vt 0.127397 0.332125
vt 0.532160 0.404297
vt 0.553477 0.390799
vt 0.525413 0.574979
vt 0.522586 0.547859
vt 0.551676 0.547228
vt 0.552189 0.573341
vt 0.939245 0.142318
vt 0.942734 0.112008
vt 0.956691 0.112008
vt 0.951134 0.135963
vt 1.000000 0.211526
vt 0.975934 0.180755
vt 0.975873 0.162026
vt 0.998756 0.197213
vt 0.187951 0.037027
vt 0.161265 0.082544
vt 0.159593 0.081869
vt 0.186401 0.036080
vt 0.320745 0.588024
vt 0.320745 0.557473
vt 0.361248 0.557468
vt 0.361248 0.588019
vt 0.278467 0.209505
vt 0.277693 0.176144
vt 0.279466 0.176027
vt 0.280243 0.209541
vt 0.320745 0.526922
vt 0.361248 0.526917
vt 0.574297 0.547426
vt 0.574231 0.573521
vt 0.520793 0.516982
vt 0.551378 0.517310
vt 0.598205 0.040451
vt 0.598098 0.070201
vt 0.561667 0.083880
vt 0.562385 0.056482
vt 0.268789 0.111407
vt 0.260153 0.082522
vt 0.261809 0.081846
vt 0.270523 0.110993
vt 0.384239 0.443225
vt 0.375988 0.441878
vt 0.377745 0.414304
vt 0.386443 0.414190
vt 0.378231 0.380831
vt 0.387275 0.381157
vt 0.112177 0.370702
vt 0.110846 0.352072
vt 0.120632 0.347304
vt 0.120894 0.371657
vt 0.574374 0.517512
vt 0.574670 0.414120
vt 0.574539 0.452717
vt 0.597990 0.099950
vt 0.561148 0.116842
vt 0.459125 0.055643
vt 0.465858 0.041374
vt 0.399875 0.302548
vt 0.402357 0.281694
vt 0.406832 0.282586
vt 0.404324 0.303629
vt 0.599742 0.252487
vt 0.575943 0.256288
vt 0.559415 0.213200
vt 0.560432 0.186124
vt 0.156536 0.328608
vt 0.162637 0.339479
vt 0.161601 0.340977
vt 0.154846 0.329198
vt 0.565659 0.260720
vt 0.560992 0.231067
vt 0.309959 0.093501
vt 0.305804 0.041058
vt 0.326318 0.058935
vt 0.326741 0.099011
vt 0.575006 0.371579
vt 0.279694 0.562003
vt 0.280243 0.585468
vt 0.271467 0.584699
vt 0.271465 0.562166
vt 0.210273 0.001724
vt 0.210259 -0.000000
vt 0.237230 0.394342
vt 0.235933 0.371434
vt 0.257418 0.372074
vt 0.261309 0.394342
vt 0.285026 0.000000
vt 0.313474 0.024513
vt 0.273758 0.373057
vt 0.280243 0.394342
vt 0.234480 0.344241
vt 0.252808 0.347575
vt 0.527177 0.394180
vt 0.553073 0.359289
vt 0.514708 0.578609
vt 0.511377 0.549726
vt 0.312602 0.280797
vt 0.295520 0.283416
vt 0.298786 0.255229
vt 0.315763 0.253612
vt 0.302143 0.223069
vt 0.319019 0.222473
vt 0.509262 0.517071
vt 0.551586 0.486708
vt 0.574453 0.486500
vt 0.575632 0.329740
vt 0.335612 0.158758
vt 0.323848 0.158625
vt 0.325555 0.126875
vt 0.336991 0.128911
vt 0.307092 0.157676
vt 0.308870 0.124800
vt 0.336078 0.107902
vt 0.597698 0.180798
vt 0.561006 0.152513
vt 0.264276 0.353043
vt 0.510105 0.484471
vt 0.521520 0.485792
vt 0.304895 0.190432
vt 0.321699 0.190670
vt 0.333469 0.189547
vt 0.320657 0.435504
vt 0.361248 0.443890
vt 0.320568 0.344087
vt 0.348795 0.367415
vt 0.552957 0.609013
vt 0.552614 0.593088
vt 0.574180 0.593251
vt 0.574140 0.609163
vt 0.599742 0.014164
vt 0.598437 0.026010
vt 0.562815 0.035993
vt 0.562224 0.019628
vt 0.093308 0.344261
vt 0.093308 0.346097
vt 0.070529 0.346097
vt 0.070529 0.344261
vt 0.375988 0.344087
vt 0.385128 0.347914
vt 0.470570 0.184747
vt 0.461693 0.178637
vt 0.005976 0.145152
vt 0.002558 0.178010
vt 0.000782 0.177894
vt 0.004212 0.144906
vt 0.320895 0.309979
vt 0.308198 0.317934
vt 0.310164 0.301355
vt 0.322701 0.294385
vt 0.290969 0.321950
vt 0.293000 0.304747
vt 0.527739 0.595511
vt 0.517446 0.600505
vt 0.529614 0.612069
vt 0.320745 0.618576
vt 0.320745 0.603300
vt 0.360404 0.602658
vt 0.354497 0.613479
vt 0.488656 0.577306
vt 0.499088 0.583298
vt 0.498547 0.600019
vt 0.488656 0.596071
vt 0.461666 0.313403
vt 0.451997 0.307237
vt 0.454459 0.292049
vt 0.463161 0.296819
vt 0.456145 0.272708
vt 0.464844 0.276192
vt 0.119445 0.341334
vt 0.120560 0.342769
vt 0.533170 0.647218
vt 0.531436 0.627371
vt 0.553214 0.624292
vt 0.553014 0.650283
vt 0.096156 0.731182
vt 0.111249 0.731182
vt 0.109053 0.759034
vt 0.095320 0.754681
vt 0.134668 0.731182
vt 0.137479 0.764941
vt 0.574120 0.624445
vt 0.574187 0.650398
vt 0.388360 0.416775
vt 0.392923 0.416859
vt 0.391789 0.444095
vt 0.387275 0.443227
vt 0.442191 0.302548
vt 0.444267 0.319358
vt 0.439842 0.320602
vt 0.437742 0.303629
vt 0.458461 0.339280
vt 0.448328 0.330088
vt 0.448653 0.320654
vt 0.460093 0.328490
vt 0.439709 0.281694
vt 0.435235 0.282586
vt 0.448328 0.001582
vt 0.429477 0.042977
vt 0.424994 0.041979
vt 0.444076 -0.000000
vt 0.560884 0.004746
vt 0.575378 0.000000
vt 0.425586 0.093935
vt 0.421033 0.093612
vt 0.314697 0.343118
vt 0.304544 0.343991
vt 0.306287 0.333086
vt 0.318796 0.324356
vt 0.287274 0.344087
vt 0.288994 0.337666
vt 0.120808 0.083724
vt 0.093435 0.037652
vt 0.094983 0.036705
vt 0.122473 0.083032
vt 0.621389 0.425274
vt 0.625383 0.455034
vt 0.597092 0.455772
vt 0.596452 0.423838
vt 0.486211 0.152107
vt 0.485933 0.120144
vt 0.497570 0.113998
vt 0.495963 0.143494
vt 0.486032 0.090778
vt 0.496759 0.094227
vt 0.596476 0.390915
vt 0.618007 0.404529
vt 0.626764 0.548141
vt 0.623797 0.575245
vt 0.596535 0.573461
vt 0.597181 0.547351
vt 0.939245 0.081697
vt 0.951134 0.088052
vt 0.953621 0.197213
vt 0.952100 0.211526
vt 0.011527 0.113003
vt 0.009791 0.112586
vt 0.280243 0.588030
vt 0.280243 0.557479
vt 0.152625 0.111433
vt 0.147136 0.143357
vt 0.145356 0.143110
vt 0.150874 0.111019
vt 0.280243 0.526928
vt 0.597632 0.517435
vt 0.628714 0.517273
vt 0.449973 0.409774
vt 0.449865 0.380024
vt 0.485686 0.396055
vt 0.486404 0.423453
vt 0.405567 0.254054
vt 0.410071 0.254711
vt 0.492746 0.276192
vt 0.490609 0.248862
vt 0.499483 0.246663
vt 0.501445 0.272708
vt 0.488513 0.217313
vt 0.497430 0.214595
vt 0.923310 0.112008
vt 0.915397 0.140071
vt 0.486923 0.456415
vt 0.450080 0.439523
vt 0.491732 0.041374
vt 0.498465 0.055643
vt 0.915397 0.083944
vt 0.472127 0.595860
vt 0.448328 0.592060
vt 0.487639 0.525697
vt 0.488656 0.552773
vt 0.120894 0.416747
vt 0.120632 0.441100
vt 0.110846 0.436332
vt 0.112177 0.417702
vt 0.487078 0.570640
vt 0.482412 0.600293
vt 0.347240 0.099011
vt 0.347663 0.058935
vt 0.368177 0.041058
vt 0.364022 0.093501
vt 0.271467 0.539619
vt 0.280243 0.538480
vt 0.430428 0.189528
vt 0.433175 0.222219
vt 0.428652 0.222700
vt 0.425902 0.189972
vt 0.257418 0.416610
vt 0.235933 0.417249
vt 0.428300 0.156750
vt 0.423772 0.157149
vt 0.360507 0.024513
vt 0.388955 0.000000
vt 0.273758 0.415627
vt 0.252808 0.441109
vt 0.234480 0.444443
vt 0.597658 0.359410
vt 0.623427 0.394440
vt 0.638448 0.550070
vt 0.634971 0.578934
vt 0.361379 0.280797
vt 0.358218 0.253612
vt 0.375195 0.255229
vt 0.378461 0.283416
vt 0.354963 0.222473
vt 0.371838 0.223069
vt 0.640730 0.517426
vt 0.597581 0.486832
vt 0.338369 0.158758
vt 0.336991 0.128911
vt 0.348426 0.126875
vt 0.350133 0.158625
vt 0.365111 0.124800
vt 0.366889 0.157676
vt 0.337903 0.107902
vt 0.450372 0.520371
vt 0.487065 0.492086
vt 0.264276 0.435641
vt 0.628147 0.486080
vt 0.640054 0.484823
vt 0.352282 0.190670
vt 0.369086 0.190432
vt 0.636796 0.452603
vt 0.280243 0.443900
vt 0.292680 0.367423
vt 0.596009 0.593205
vt 0.595585 0.609128
vt 0.449633 0.365582
vt 0.448328 0.353737
vt 0.485846 0.359201
vt 0.485255 0.375566
vt 0.389173 0.394091
vt 0.393738 0.394091
vt 0.487020 0.184747
vt 0.495896 0.178637
vt 0.233339 0.037017
vt 0.234876 0.036069
vt 0.619408 0.612312
vt 0.621367 0.595764
vt 0.632121 0.600815
vt 0.629823 0.618461
vt 0.365783 0.317934
vt 0.363817 0.301355
vt 0.380981 0.304747
vt 0.383012 0.321950
vt 0.286993 0.613488
vt 0.281086 0.602669
vt 0.408891 0.222219
vt 0.411638 0.189528
vt 0.416164 0.189972
vt 0.413414 0.222700
vt 0.495924 0.313403
vt 0.494429 0.296819
vt 0.503131 0.292049
vt 0.505593 0.307237
vt 0.617521 0.627604
vt 0.615756 0.647441
vt 0.595578 0.650398
vt 0.595282 0.624406
vt 0.095320 0.707682
vt 0.109053 0.703329
vt 0.137479 0.697422
vt 0.221948 0.525429
vt 0.211461 0.531032
vt 0.211461 0.512211
vt 0.221350 0.508238
vt 0.446348 0.334956
vt 0.448328 0.344770
vt 0.443743 0.345092
vt 0.441950 0.336394
vt 0.499129 0.339280
vt 0.497497 0.328490
vt 0.508936 0.320654
vt 0.509262 0.330088
vt 0.393738 0.001582
vt 0.397990 -0.000000
vt 0.417072 0.041979
vt 0.412589 0.042977
vt 0.487187 0.344319
vt 0.472693 0.339573
vt 0.416481 0.093935
vt 0.421033 0.093612
vt 0.359284 0.343118
vt 0.355185 0.324356
vt 0.367694 0.333086
vt 0.369437 0.343991
vt 0.384988 0.337666
vt 0.386707 0.344087
vt 0.627146 0.634729
vt 0.021672 0.341303
vt 0.047778 0.344246
vt 0.047778 0.346082
vt 0.020565 0.342737
vt 0.388360 0.371407
vt 0.387275 0.344955
vt 0.391789 0.344087
vt 0.392923 0.371323
vt 0.153751 0.312148
vt 0.151980 0.312403
vt 0.233429 0.342395
vt 0.258826 0.339457
vt 0.259851 0.340955
vt 0.233429 0.344231
vt 0.210767 0.344241
vt 0.210767 0.342406
vt 0.135214 0.145193
vt 0.129677 0.113040
vt 0.131426 0.112625
vt 0.136992 0.144948
vt 0.274288 0.143328
vt 0.276050 0.143081
vt 0.001778 0.211409
vt -0.000000 0.211444
vt 0.139386 0.211453
vt 0.138618 0.178053
vt 0.140408 0.177939
vt 0.141179 0.211489
vt 0.413767 0.156750
vt 0.415412 0.124296
vt 0.419950 0.124458
vt 0.418295 0.157149
vt 0.436499 0.254054
vt 0.431996 0.254711
vt 0.397800 0.319358
vt 0.402224 0.320602
vt 0.393738 0.344770
vt 0.395718 0.334956
vt 0.400116 0.336394
vt 0.398324 0.345092
vt 0.426655 0.124296
vt 0.422117 0.124458
vt 0.188071 0.342406
vt 0.188071 0.344241
vt 0.070960 0.001725
vt 0.070971 -0.000000
vt 0.143740 0.176173
vt 0.142973 0.209535
vt 0.141179 0.209571
vt 0.141949 0.176058
vt 0.298763 0.042625
vt 0.280243 0.001780
vt 0.010277 0.296782
vt 0.012586 0.314821
vt 0.010833 0.315080
vt 0.008516 0.297002
vt 0.270007 0.294247
vt 0.271766 0.294469
vt 0.004000 0.244844
vt 0.007445 0.274390
vt 0.005682 0.274601
vt 0.002230 0.245003
vt 0.272826 0.272055
vt 0.276254 0.242756
vt 0.278022 0.242915
vt 0.274587 0.272267
vt 0.130859 0.296820
vt 0.132634 0.297042
vt 0.133698 0.274430
vt 0.137153 0.244886
vt 0.138937 0.245047
vt 0.135476 0.274643
vt 0.151447 0.294274
vt 0.149670 0.294496
vt 0.145192 0.242785
vt 0.148625 0.272082
vt 0.146845 0.272295
vt 0.143405 0.242945
vt 0.015401 0.331444
vt 0.013748 0.332088
vt 0.228393 0.371574
vt 0.227524 0.345448
vt 0.128434 0.371518
vt 0.127588 0.346097
vt 0.465508 0.339573
vt 0.467136 0.330423
vt 0.280243 0.343528
vt 0.282028 0.335470
vt 0.472835 0.039543
vt 0.478702 0.090025
vt 0.301737 0.124543
vt 0.302792 0.093984
vt 0.227524 0.443235
vt 0.228393 0.417110
vt 0.478795 0.120132
vt 0.484755 0.039543
vt 0.504549 0.000000
vt 0.509262 0.001959
vt 0.393738 0.001780
vt 0.375218 0.042625
vt 0.448328 0.001959
vt 0.453041 -0.000000
vt 0.229209 0.394342
vt 0.121226 0.394202
vt 0.129247 0.394202
vt 0.128434 0.416886
vt 0.291916 0.254229
vt 0.295246 0.222337
vt 0.475997 0.217785
vt 0.469077 0.217313
vt 0.477502 0.185162
vt 0.297983 0.189756
vt 0.473883 0.249603
vt 0.466981 0.248862
vt 0.300102 0.157063
vt 0.478387 0.152457
vt 0.288686 0.282055
vt 0.286184 0.303090
vt 0.471724 0.277295
vt 0.470035 0.298218
vt 0.284098 0.320027
vt 0.468604 0.315064
vt 0.127588 0.442307
vt 0.391953 0.335470
vt 0.393738 0.343528
vt 0.371189 0.093984
vt 0.492082 0.339573
vt 0.490454 0.330423
vt 0.372244 0.124543
vt 0.478888 0.090025
vt 0.478795 0.120132
vt 0.378735 0.222337
vt 0.382065 0.254229
vt 0.375998 0.189756
vt 0.483707 0.249603
vt 0.481593 0.217785
vt 0.480088 0.185162
vt 0.373879 0.157063
vt 0.479203 0.152457
vt 0.385295 0.282055
vt 0.487555 0.298218
vt 0.485866 0.277295
vt 0.387797 0.303090
vt 0.389884 0.320027
vt 0.488986 0.315064
s 0
usemtl wood
f 29/1/1 78/2/1 64/3/1 31/4/1
f 236/5/2 227/6/2 301/7/2 300/8/2
f 254/9/3 243/10/3 283/11/3 282/12/3
f 83/13/4 26/14/4 49/15/4 102/16/4
f 102/16/5 49/15/5 2/17/5 67/18/5
f 280/19/6 269/20/6 224/21/6 221/22/6
f 64/3/7 78/2/7 1/23/7 14/24/7
f 33/25/8 84/26/8 60/27/8 37/28/8
f 63/29/9 51/30/9 8/31/9 16/32/9
f 16/33/10 8/34/10 68/35/10 71/36/10
f 262/37/11 257/38/11 202/39/11 203/40/11
f 35/41/12 57/42/12 61/43/12 38/44/12
f 234/45/13 250/46/13 292/47/13 296/48/13
f 61/43/12 57/42/12 11/49/12 17/50/12
f 37/28/14 60/27/14 58/51/14 36/52/14
f 60/27/15 84/26/15 9/53/15 18/54/15
f 38/55/16 61/56/16 56/57/16 34/58/16
f 246/59/17 228/60/17 302/61/17 306/62/17
f 92/63/18 34/64/18 56/65/18 103/66/18
f 103/66/19 56/65/19 10/67/19 70/68/19
f 13/69/20 4/70/20 66/71/20 72/72/20
f 58/51/21 60/27/21 18/54/21 12/73/21
f 31/4/22 64/3/22 52/74/22 28/75/22
f 56/57/23 61/56/23 17/76/23 10/77/23
f 2/17/24 16/78/24 71/79/24 67/18/24
f 288/80/25 289/81/25 290/82/25 287/83/25
f 30/84/26 63/85/26 49/86/26 26/87/26
f 279/88/27 255/89/27 220/90/27 222/91/27
f 49/86/28 63/85/28 16/92/28 2/93/28
f 20/94/29 24/95/29 62/96/29 50/97/29
f 52/74/30 64/3/30 14/24/30 7/98/30
f 6/99/31 13/100/31 72/101/31 69/102/31
f 230/103/32 262/37/32 203/40/32 197/104/32
f 22/105/33 25/106/33 65/107/33 54/108/33
f 24/95/34 21/109/34 53/110/34 62/96/34
f 54/108/33 65/107/33 15/111/33 5/112/33
f 25/106/35 19/113/35 47/114/35 65/107/35
f 50/115/36 62/116/36 14/24/36 1/23/36
f 33/25/37 91/117/37 104/118/37 84/26/37
f 91/119/38 39/120/38 73/121/38 104/122/38
f 104/122/39 73/121/39 23/123/39 59/124/39
f 84/26/40 104/118/40 59/125/40 9/53/40
f 18/54/41 80/126/41 77/127/41 12/73/41
f 62/116/42 53/128/42 7/98/42 14/24/42
f 29/129/43 82/130/43 105/131/43 78/132/43
f 82/130/44 32/133/44 74/134/44 105/131/44
f 105/131/45 74/134/45 20/94/45 50/97/45
f 78/132/46 105/131/46 50/97/46 1/135/46
f 17/76/47 79/136/47 75/137/47 10/77/47
f 65/107/48 47/114/48 3/138/48 15/111/48
f 9/53/49 59/125/49 106/139/49 55/140/49
f 59/124/50 23/123/50 81/141/50 106/142/50
f 106/142/51 81/141/51 32/133/51 82/130/51
f 55/143/52 106/142/52 82/130/52 29/129/52
f 77/127/53 80/126/53 31/4/53 28/75/53
f 11/49/54 76/144/54 79/145/54 17/50/54
f 75/137/55 79/136/55 30/84/55 26/87/55
f 9/53/56 55/140/56 80/126/56 18/54/56
f 79/145/57 76/144/57 27/146/57 30/147/57
f 44/148/58 88/149/58 87/150/58 43/151/58
f 80/126/59 55/140/59 29/1/59 31/4/59
f 45/152/60 89/153/60 85/154/60 41/155/60
f 263/156/61 208/157/61 205/158/61 232/159/61
f 70/68/62 10/67/62 75/160/62 107/161/62
f 107/162/63 75/163/63 26/14/63 83/13/63
f 240/164/64 249/165/64 291/166/64 294/167/64
f 40/168/65 101/169/65 108/170/65 93/171/65
f 101/169/66 46/172/66 90/173/66 108/170/66
f 108/170/67 90/173/67 39/120/67 91/119/67
f 93/174/68 108/175/68 91/117/68 33/25/68
f 85/154/69 89/153/69 38/55/69 34/58/69
f 40/176/70 93/174/70 88/149/70 44/148/70
f 87/150/71 88/149/71 37/28/71 36/52/71
f 42/177/12 86/178/12 89/179/12 45/180/12
f 13/181/72 98/182/72 94/183/72 4/184/72
f 100/185/73 41/186/73 85/187/73 109/188/73
f 109/188/74 85/187/74 34/189/74 92/190/74
f 256/191/75 219/192/75 208/157/75 263/156/75
f 88/149/76 93/174/76 33/25/76 37/28/76
f 3/193/77 48/194/77 97/195/77 15/196/77
f 89/179/12 86/178/12 35/41/12 38/44/12
f 6/197/78 95/198/78 98/199/78 13/200/78
f 98/199/79 95/198/79 42/201/79 45/202/79
f 15/196/80 97/195/80 96/203/80 5/204/80
f 97/195/81 48/194/81 40/176/81 44/148/81
f 207/205/82 208/206/82 219/207/82 220/208/82
f 216/209/83 223/210/83 224/211/83 215/212/83
f 66/213/84 4/214/84 94/215/84 110/216/84
f 110/216/85 94/215/85 41/186/85 100/185/85
f 217/217/86 216/209/86 215/212/86 218/218/86
f 96/203/87 97/195/87 44/148/87 43/151/87
f 197/219/88 203/220/88 204/221/88 198/222/88
f 94/223/89 98/224/89 45/152/89 41/155/89
f 203/220/90 202/225/90 201/226/90 204/221/90
f 3/227/91 47/228/91 111/229/91 48/230/91
f 47/228/92 19/231/92 99/232/92 111/229/92
f 111/229/93 99/232/93 46/172/93 101/169/93
f 48/230/94 111/229/94 101/169/94 40/168/94
f 258/233/95 261/234/95 204/235/95 201/236/95
f 165/237/96 130/238/96 132/239/96 155/240/96
f 170/241/97 185/242/97 146/243/97 129/244/97
f 185/242/98 158/245/98 113/246/98 146/243/98
f 155/240/99 119/247/99 112/248/99 165/237/99
f 171/249/100 134/250/100 136/251/100 151/252/100
f 154/253/101 121/254/101 8/31/101 51/30/101
f 160/255/102 68/35/102 8/34/102 121/256/102
f 245/257/103 240/164/103 294/167/103 305/258/103
f 57/42/12 35/41/12 137/259/12 152/260/12
f 271/261/104 266/262/104 213/263/104 196/264/104
f 152/260/12 122/265/12 11/49/12 57/42/12
f 151/252/105 136/251/105 36/52/105 58/51/105
f 151/252/106 123/266/106 116/267/106 171/249/106
f 152/268/107 137/269/107 135/270/107 149/271/107
f 289/81/108 304/272/108 303/273/108 290/82/108
f 177/274/109 186/275/109 149/276/109 135/277/109
f 186/275/110 159/278/110 117/279/110 149/276/110
f 27/280/111 51/30/111 63/29/111 30/281/111
f 58/51/112 12/73/112 123/266/112 151/252/112
f 155/240/113 132/239/113 28/75/113 52/74/113
f 149/271/114 117/282/114 122/283/114 152/268/114
f 158/245/115 160/284/115 121/285/115 113/246/115
f 51/30/116 27/280/116 131/286/116 154/253/116
f 154/287/117 131/288/117 129/289/117 146/290/117
f 161/291/118 157/292/118 115/293/118 118/294/118
f 146/290/119 113/295/119 121/296/119 154/287/119
f 147/297/120 153/298/120 127/299/120 125/300/120
f 52/74/121 7/98/121 119/247/121 155/240/121
f 69/102/122 161/301/122 118/302/122 6/99/122
f 212/303/123 210/304/123 209/305/123 211/306/123
f 54/108/33 156/307/33 128/308/33 22/105/33
f 213/309/124 212/303/124 211/306/124 214/310/124
f 153/298/125 53/311/125 21/312/125 127/299/125
f 120/313/33 156/307/33 54/108/33 5/112/33
f 156/307/126 144/314/126 124/315/126 128/308/126
f 119/247/127 153/316/127 147/317/127 112/248/127
f 134/250/128 171/249/128 187/318/128 176/319/128
f 176/320/129 187/321/129 162/322/129 138/323/129
f 187/321/130 150/324/130 126/325/130 162/322/130
f 171/249/131 116/267/131 150/326/131 187/318/131
f 167/327/132 123/266/132 12/73/132 77/127/132
f 7/98/133 53/128/133 153/316/133 119/247/133
f 130/328/134 165/329/134 188/330/134 169/331/134
f 169/331/135 188/330/135 163/332/135 133/333/135
f 188/330/136 147/297/136 125/300/136 163/332/136
f 165/329/137 112/334/137 147/297/137 188/330/137
f 166/335/138 122/283/138 117/282/138 164/336/138
f 114/337/139 144/314/139 156/307/139 120/313/139
f 116/267/140 148/338/140 189/339/140 150/326/140
f 150/324/141 189/340/141 168/341/141 126/325/141
f 189/340/142 169/331/142 133/333/142 168/341/142
f 148/338/143 130/238/143 169/342/143 189/339/143
f 77/127/144 28/75/144 132/239/144 167/327/144
f 76/144/145 11/49/145 122/265/145 166/343/145
f 164/336/146 129/289/146 131/288/146 166/335/146
f 148/338/147 116/267/147 123/266/147 167/327/147
f 166/343/148 131/344/148 27/146/148 76/144/148
f 173/345/149 141/346/149 43/151/149 87/150/149
f 167/327/150 132/239/150 130/238/150 148/338/150
f 174/347/151 142/348/151 140/349/151 172/350/151
f 207/205/33 206/351/33 205/352/33 208/206/33
f 159/278/152 190/353/152 164/354/152 117/279/152
f 190/353/153 170/241/153 129/244/153 164/354/153
f 228/60/154 235/355/154 299/356/154 302/61/154
f 139/357/155 178/358/155 191/359/155 184/360/155
f 184/361/156 191/362/156 175/363/156 143/364/156
f 191/362/157 176/320/157 138/323/157 175/363/157
f 178/358/158 134/250/158 176/319/158 191/359/158
f 172/350/159 135/270/159 137/269/159 174/347/159
f 178/358/160 139/357/160 141/346/160 173/345/160
f 87/150/161 36/52/161 136/251/161 173/345/161
f 86/178/12 42/177/12 142/365/12 174/366/12
f 296/367/162 292/368/162 291/369/162 295/370/162
f 183/371/163 192/372/163 172/373/163 140/374/163
f 192/372/164 177/274/164 135/277/164 172/373/164
f 173/345/165 136/251/165 134/250/165 178/358/165
f 145/375/166 114/376/166 120/377/166 180/378/166
f 174/366/12 137/259/12 35/41/12 86/178/12
f 95/198/167 6/197/167 118/379/167 181/380/167
f 181/380/168 142/381/168 42/201/168 95/198/168
f 180/378/169 120/377/169 5/204/169 96/203/169
f 180/378/170 141/346/170 139/357/170 145/375/170
f 181/382/171 118/383/171 115/384/171 179/385/171
f 222/386/172 220/387/172 219/388/172 221/389/172
f 157/390/173 193/391/173 179/392/173 115/393/173
f 193/391/174 183/371/174 140/374/174 179/392/174
f 223/210/175 222/386/175 221/389/175 224/211/175
f 96/203/176 43/151/176 141/346/176 180/378/176
f 197/394/177 198/395/177 300/396/177 299/397/177
f 179/398/178 140/349/178 142/348/178 181/399/178
f 302/400/179 299/397/179 300/396/179 301/401/179
f 114/402/180 145/403/180 194/404/180 144/405/180
f 144/405/181 194/404/181 182/406/181 124/407/181
f 194/404/182 184/361/182 143/364/182 182/406/182
f 145/375/183 139/357/183 184/360/183 194/408/183
f 225/409/184 238/410/184 298/411/184 285/412/184
f 297/413/185 286/414/185 285/415/185 298/416/185
f 270/417/186 279/88/186 222/91/186 223/418/186
f 237/419/187 226/420/187 286/421/187 297/422/187
f 238/410/188 232/159/188 205/158/188 298/411/188
f 237/419/189 297/422/189 206/423/189 231/424/189
f 265/425/190 272/426/190 195/427/190 214/428/190
f 239/429/191 246/59/191 306/62/191 293/430/191
f 249/165/192 233/431/192 295/432/192 291/166/192
f 227/6/193 245/257/193 305/258/193 301/7/193
f 272/426/194 258/233/194 201/236/194 195/427/194
f 260/433/195 276/434/195 211/435/195 209/436/195
f 257/38/196 271/261/196 196/264/196 202/39/196
f 293/437/197 306/438/197 305/439/197 294/440/197
f 306/438/198 302/400/198 301/401/198 305/439/198
f 304/272/199 296/367/199 295/370/199 303/273/199
f 210/304/200 200/441/200 199/442/200 209/305/200
f 292/368/201 293/437/201 294/440/201 291/369/201
f 283/443/202 288/80/202 287/83/202 284/444/202
f 286/445/203 282/446/203 281/447/203 285/448/203
f 282/446/204 283/443/204 284/444/204 281/447/204
f 196/449/205 213/309/205 214/310/205 195/450/205
f 202/225/206 196/449/206 195/450/206 201/226/206
f 200/441/207 217/217/207 218/218/207 199/442/207
f 264/451/208 231/424/208 206/423/208 207/452/208
f 229/453/209 236/5/209 300/8/209 198/454/209
f 229/453/210 198/454/210 204/235/210 261/234/210
f 275/455/211 259/456/211 210/457/211 212/458/211
f 24/95/212 236/459/212 229/460/212 21/109/212
f 250/46/213 239/429/213 293/430/213 292/47/213
f 276/434/214 265/425/214 214/428/214 211/435/214
f 251/461/215 244/462/215 284/463/215 287/464/215
f 266/262/216 275/455/216 212/458/216 213/263/216
f 243/10/217 252/465/217 288/466/217 283/11/217
f 247/467/218 242/468/218 290/469/218 303/470/218
f 242/468/219 251/461/219 287/464/219 290/469/219
f 241/471/220 248/472/220 304/473/220 289/474/220
f 269/20/221 278/475/221 215/476/221 224/21/221
f 267/477/222 274/478/222 199/479/222 218/480/222
f 233/431/223 247/467/223 303/470/223 295/432/223
f 277/481/224 270/417/224 223/418/224 216/482/224
f 273/483/225 268/484/225 217/485/225 200/486/225
f 252/465/226 241/471/226 289/474/226 288/466/226
f 248/472/227 234/45/227 296/48/227 304/473/227
f 278/475/228 267/477/228 218/480/228 215/476/228
f 274/478/229 260/433/229 209/436/229 199/479/229
f 253/487/230 225/409/230 285/412/230 281/488/230
f 25/106/231 238/489/231 225/490/231 19/113/231
f 268/484/232 277/481/232 216/482/232 217/485/232
f 259/456/233 273/483/233 200/486/233 210/457/233
f 226/420/234 254/9/234 282/12/234 286/421/234
f 256/191/235 280/19/235 221/22/235 219/192/235
f 244/462/236 253/487/236 281/488/236 284/463/236
f 237/491/237 72/72/237 66/71/237 226/492/237
f 226/493/238 66/213/238 110/216/238 254/494/238
f 19/231/239 225/495/239 253/496/239 99/232/239
f 67/18/240 71/79/240 235/497/240 228/498/240
f 74/134/241 245/499/241 227/500/241 20/94/241
f 236/459/242 24/95/242 20/94/242 227/500/242
f 128/308/243 124/315/243 256/501/243 263/502/243
f 246/503/244 102/16/244 67/18/244 228/498/244
f 262/504/245 230/505/245 68/506/245 160/284/245
f 127/299/246 21/312/246 229/507/246 261/508/246
f 235/497/247 71/79/247 68/509/247 230/510/247
f 238/489/33 25/106/33 22/105/33 232/511/33
f 22/105/33 128/308/33 263/502/33 232/511/33
f 69/512/33 72/72/33 237/491/33 231/513/33
f 264/514/33 161/291/33 69/512/33 231/513/33
f 230/103/248 197/104/248 299/356/248 235/355/248
f 73/121/199 247/515/199 233/516/199 23/123/199
f 234/517/162 70/518/162 107/162/162 250/519/162
f 23/123/249 233/516/249 249/520/249 81/141/249
f 248/521/199 103/522/199 70/518/199 234/517/199
f 32/133/250 240/523/250 245/499/250 74/134/250
f 81/141/251 249/520/251 240/523/251 32/133/251
f 239/524/252 83/13/252 102/16/252 246/503/252
f 250/519/253 107/162/253 83/13/253 239/524/253
f 39/120/254 242/525/254 247/515/254 73/121/254
f 90/173/255 251/526/255 242/525/255 39/120/255
f 241/527/256 92/190/256 103/522/256 248/521/256
f 252/528/257 109/188/257 92/190/257 241/527/257
f 46/172/258 244/529/258 251/526/258 90/173/258
f 99/232/259 253/496/259 244/529/259 46/172/259
f 243/530/260 100/185/260 109/188/260 252/528/260
f 254/494/261 110/216/261 100/185/261 243/530/261
f 264/514/262 255/531/262 157/292/262 161/291/262
f 124/407/263 182/406/263 280/532/263 256/533/263
f 125/300/264 127/299/264 261/508/264 258/534/264
f 255/535/265 279/536/265 193/391/265 157/390/265
f 163/332/266 125/300/266 258/534/266 272/537/266
f 262/504/267 160/284/267 158/245/267 257/538/267
f 271/539/268 257/538/268 158/245/268 185/242/268
f 255/89/269 264/451/269 207/452/269 220/90/269
f 162/322/200 126/325/200 260/540/200 274/541/200
f 126/325/270 168/341/270 276/542/270 260/540/270
f 273/543/200 259/544/200 159/278/200 186/275/200
f 259/544/123 275/545/123 190/353/123 159/278/123
f 133/333/271 163/332/271 272/537/271 265/546/271
f 275/545/272 266/547/272 170/241/272 190/353/272
f 168/341/273 133/333/273 265/546/273 276/542/273
f 266/547/274 271/539/274 185/242/274 170/241/274
f 138/323/275 162/322/275 274/541/275 267/548/275
f 277/549/276 268/550/276 177/274/276 192/372/276
f 175/363/277 138/323/277 267/548/277 278/551/277
f 268/550/278 273/543/278 186/275/278 177/274/278
f 143/364/279 175/363/279 278/551/279 269/552/279
f 279/536/280 270/553/280 183/371/280 193/391/280
f 182/406/281 143/364/281 269/552/281 280/532/281
f 270/553/282 277/549/282 192/372/282 183/371/282
f 206/351/33 297/413/33 298/416/33 205/352/33
o Cylinder
v 0.000000 -0.360680 -0.215391
v 0.000000 6.650829 -0.215391
v 0.107695 -0.360680 -0.186534
v 0.107695 6.650829 -0.186534
v 0.186534 -0.360680 -0.107695
v 0.186534 6.650829 -0.107695
v 0.215391 -0.360680 0.000000
v 0.215391 6.650829 0.000000
v 0.186534 -0.360680 0.107695
v 0.186534 6.650829 0.107695
v 0.107695 -0.360680 0.186534
v 0.107695 6.650829 0.186534
v 0.000000 -0.360680 0.215391
v 0.000000 6.650829 0.215391
v -0.107695 -0.360680 0.186534
v -0.107695 6.650829 0.186534
v -0.186534 -0.360680 0.107695
v -0.186534 6.650829 0.107695
v -0.215391 -0.360680 0.000000
v -0.215391 6.650829 0.000000
v -0.186534 -0.360680 -0.107695
v -0.186534 6.650829 -0.107695
v -0.107695 -0.360680 -0.186534
v -0.107695 6.650829 -0.186534
v 0.019326 7.709025 -0.033473
v 0.107695 7.538308 -0.186534
v 0.081813 7.659023 -0.141704
v 0.000000 7.538308 -0.215391
v 0.000000 7.709025 -0.038651
v 0.000000 7.659023 -0.163625
v 0.033473 7.709025 -0.019326
v 0.186534 7.538308 -0.107695
v 0.141704 7.659023 -0.081813
v 0.038651 7.709025 0.000000
v 0.215391 7.538308 0.000000
v 0.163625 7.659023 0.000000
v 0.033473 7.709025 0.019326
v 0.186534 7.538308 0.107695
v 0.141704 7.659023 0.081813
v 0.019326 7.709025 0.033473
v 0.107695 7.538308 0.186534
v 0.081813 7.659023 0.141704
v -0.000000 7.709025 0.038651
v 0.000000 7.538308 0.215391
v -0.000000 7.659023 0.163625
v -0.019326 7.709025 0.033473
v -0.107695 7.538308 0.186534
v -0.081813 7.659023 0.141704
v -0.033473 7.709025 0.019326
v -0.186534 7.538308 0.107695
v -0.141704 7.659023 0.081813
v -0.038651 7.709025 -0.000000
v -0.215391 7.538308 0.000000
v -0.163625 7.659023 -0.000000
v -0.033473 7.709025 -0.019326
v -0.186534 7.538308 -0.107695
v -0.141704 7.659023 -0.081813
v -0.019326 7.709025 -0.033473
v -0.107695 7.538308 -0.186534
v -0.081813 7.659023 -0.141704
vn 0.2588 -0.0000 -0.9659
vn 0.7071 -0.0000 -0.7071
vn 0.9659 -0.0000 -0.2588
vn 0.9659 -0.0000 0.2588
vn 0.7071 -0.0000 0.7071
vn 0.2588 -0.0000 0.9659
vn -0.2588 -0.0000 0.9659
vn -0.7071 -0.0000 0.7071
vn -0.9659 -0.0000 0.2588
vn -0.9659 -0.0000 -0.2588
vn -0.7071 -0.0000 -0.7071
vn -0.2588 -0.0000 -0.9659
vn -0.0000 -1.0000 -0.0000
vn 0.2391 0.3827 -0.8924
vn 0.0990 0.9239 -0.3696
vn 0.6533 0.3827 -0.6533
vn 0.2706 0.9239 -0.2706
vn 0.8924 0.3827 -0.2391
vn 0.3696 0.9239 -0.0990
vn 0.8924 0.3827 0.2391
vn 0.3696 0.9239 0.0990
vn 0.6533 0.3827 0.6533
vn 0.2706 0.9239 0.2706
vn 0.2391 0.3827 0.8924
vn 0.0990 0.9239 0.3696
vn -0.2391 0.3827 0.8924
vn -0.0990 0.9239 0.3696
vn -0.6533 0.3827 0.6533
vn -0.2706 0.9239 0.2706
vn -0.8924 0.3827 0.2391
vn -0.3696 0.9239 0.0990
vn -0.8924 0.3827 -0.2391
vn -0.3696 0.9239 -0.0990
vn -0.6533 0.3827 -0.6533
vn -0.2706 0.9239 -0.2706
vn -0.2391 0.3827 -0.8924
vn -0.0990 0.9239 -0.3696
vn -0.0000 1.0000 -0.0000
vt 0.513237 0.329740
vt 0.513237 0.041652
vt 0.517826 0.041652
vt 0.517826 0.329740
vt 0.521800 0.041515
vt 0.521800 0.329603
vt 0.525775 0.041652
vt 0.525775 0.329740
vt 0.530364 0.041652
vt 0.530364 0.329740
vt 0.534338 0.041515
vt 0.534338 0.329603
vt 0.538313 0.041652
vt 0.538313 0.329740
vt 0.542902 0.041652
vt 0.542902 0.329740
vt 0.546877 0.041515
vt 0.546877 0.329603
vt 0.550851 0.041652
vt 0.550851 0.329740
vt 0.555440 0.041652
vt 0.555440 0.329740
vt 0.559415 0.041515
vt 0.559415 0.329603
vt 0.509262 0.329603
vt 0.509262 0.041515
vt 0.117115 0.535378
vt 0.113141 0.533083
vt 0.110846 0.529109
vt 0.110846 0.524519
vt 0.113141 0.520545
vt 0.117116 0.518250
vt 0.121705 0.518250
vt 0.125679 0.520545
vt 0.127974 0.524519
vt 0.127974 0.529109
vt 0.125679 0.533083
vt 0.121705 0.535378
vt 0.517826 0.005187
vt 0.513237 0.005187
vt 0.513788 0.000104
vt 0.517274 0.000104
vt 0.439789 0.593671
vt 0.436770 0.591928
vt 0.440407 0.588291
vt 0.441121 0.588702
vt 0.521800 0.005050
vt 0.520294 -0.000000
vt 0.443275 0.593671
vt 0.441944 0.588702
vt 0.525775 0.005187
vt 0.523307 -0.000000
vt 0.526326 0.000104
vt 0.446295 0.591928
vt 0.442657 0.588291
vt 0.530364 0.005187
vt 0.529812 0.000104
vt 0.448038 0.588909
vt 0.443069 0.587577
vt 0.534338 0.005050
vt 0.532832 -0.000000
vt 0.448038 0.585422
vt 0.443069 0.586754
vt 0.538313 0.005187
vt 0.535845 -0.000000
vt 0.538864 0.000104
vt 0.446295 0.582403
vt 0.442657 0.586041
vt 0.542902 0.005187
vt 0.542351 0.000104
vt 0.443275 0.580660
vt 0.441944 0.585629
vt 0.546877 0.005050
vt 0.545370 -0.000000
vt 0.439789 0.580660
vt 0.441121 0.585629
vt 0.550851 0.005187
vt 0.548383 -0.000000
vt 0.551403 0.000104
vt 0.436770 0.582403
vt 0.440407 0.586041
vt 0.555440 0.005187
vt 0.554889 0.000104
vt 0.435027 0.585422
vt 0.439996 0.586754
vt 0.559415 0.005050
vt 0.557908 -0.000000
vt 0.435027 0.588909
vt 0.439996 0.587577
vt 0.509262 0.005050
vt 0.510769 -0.000000
s 0
usemtl wood
f 307/554/283 308/555/283 310/556/283 309/557/283
f 309/557/284 310/556/284 312/558/284 311/559/284
f 311/559/285 312/558/285 314/560/285 313/561/285
f 313/561/286 314/560/286 316/562/286 315/563/286
f 315/563/287 316/562/287 318/564/287 317/565/287
f 317/565/288 318/564/288 320/566/288 319/567/288
f 319/567/289 320/566/289 322/568/289 321/569/289
f 321/569/290 322/568/290 324/570/290 323/571/290
f 323/571/291 324/570/291 326/572/291 325/573/291
f 325/573/292 326/572/292 328/574/292 327/575/292
f 327/575/293 328/574/293 330/576/293 329/577/293
f 329/578/294 330/579/294 308/555/294 307/554/294
f 307/580/295 309/581/295 311/582/295 313/583/295 315/584/295 317/585/295 319/586/295 321/587/295 323/588/295 325/589/295 327/590/295 329/591/295
f 332/592/296 334/593/296 336/594/296 333/595/296
f 333/596/297 336/597/297 335/598/297 331/599/297
f 338/600/298 332/592/298 333/595/298 339/601/298
f 339/602/299 333/596/299 331/599/299 337/603/299
f 341/604/300 338/600/300 339/605/300 342/606/300
f 342/607/301 339/602/301 337/603/301 340/608/301
f 344/609/302 341/604/302 342/606/302 345/610/302
f 345/611/303 342/607/303 340/608/303 343/612/303
f 347/613/304 344/609/304 345/610/304 348/614/304
f 348/615/305 345/611/305 343/612/305 346/616/305
f 350/617/306 347/613/306 348/618/306 351/619/306
f 351/620/307 348/615/307 346/616/307 349/621/307
f 353/622/308 350/617/308 351/619/308 354/623/308
f 354/624/309 351/620/309 349/621/309 352/625/309
f 356/626/310 353/622/310 354/623/310 357/627/310
f 357/628/311 354/624/311 352/625/311 355/629/311
f 359/630/312 356/626/312 357/631/312 360/632/312
f 360/633/313 357/628/313 355/629/313 358/634/313
f 362/635/314 359/630/314 360/632/314 363/636/314
f 363/637/315 360/633/315 358/634/315 361/638/315
f 365/639/316 362/635/316 363/636/316 366/640/316
f 366/641/317 363/637/317 361/638/317 364/642/317
f 334/593/318 365/643/318 366/644/318 336/594/318
f 336/597/319 366/641/319 364/642/319 335/598/319
f 310/556/283 308/555/283 334/593/283 332/592/283
f 331/599/320 335/598/320 364/642/320 361/638/320 358/634/320 355/629/320 352/625/320 349/621/320 346/616/320 343/612/320 340/608/320 337/603/320
f 312/558/284 310/556/284 332/592/284 338/600/284
f 308/555/294 330/579/294 365/643/294 334/593/294
f 314/560/285 312/558/285 338/600/285 341/604/285
f 316/562/286 314/560/286 341/604/286 344/609/286
f 318/564/287 316/562/287 344/609/287 347/613/287
f 320/566/288 318/564/288 347/613/288 350/617/288
f 322/568/289 320/566/289 350/617/289 353/622/289
f 324/570/290 322/568/290 353/622/290 356/626/290
f 326/572/291 324/570/291 356/626/291 359/630/291
f 328/574/292 326/572/292 359/630/292 362/635/292
f 330/576/293 328/574/293 362/635/293 365/639/293
o Plane
v -2.715647 2.941081 -0.172406
v 2.715647 2.941081 -0.172406
v -2.710357 7.575547 -0.261312
v 2.710357 7.575548 -0.261312
v -2.952560 5.246623 0.255848
v -0.000000 2.697364 0.182317
v 2.952560 5.246623 0.255848
v 0.000000 7.791187 0.084599
v -0.000000 5.262565 1.086834
v -2.952560 3.968165 0.019514
v 1.504871 2.607882 0.030706
v 2.952560 6.515077 -0.029345
v -1.476280 7.788247 -0.068673
v -2.952560 6.515077 -0.029345
v -1.504871 2.607882 0.030706
v 2.952560 3.968165 0.019514
v 1.476280 7.788247 -0.068673
v -0.000000 6.528519 0.671388
v -0.000000 3.981608 0.720247
v -1.476279 5.257355 0.815284
v 1.476280 5.257355 0.815284
v 1.476279 3.977159 0.488349
v -1.476279 3.977159 0.488349
v -1.476279 6.524070 0.439489
v 1.476279 6.524070 0.439489
v -2.884530 3.475015 -0.122307
v 2.207490 2.692765 -0.099067
v 2.921804 7.122373 -0.192276
v -2.183664 7.759259 -0.196261
v -2.952559 5.881704 0.157804
v -0.738140 2.653749 0.138739
v 2.952559 4.608249 0.182234
v 0.738140 7.790335 0.040201
v 0.000000 7.159803 0.375404
v 0.000000 4.623467 0.975562
v -2.214419 5.252302 0.551863
v 0.738140 5.261093 1.010123
v -2.952559 4.608249 0.182234
v 0.738140 2.653749 0.138739
v 2.952559 5.881704 0.157804
v -0.738140 7.790335 0.040201
v -2.921803 7.122373 -0.192276
v -2.207490 2.692765 -0.099067
v 2.884530 3.475015 -0.122307
v 2.183664 7.759259 -0.196261
v 0.000000 5.896924 0.951132
v -0.000000 3.339436 0.448693
v -0.738140 5.261093 1.010123
v 2.214419 5.252302 0.551863
v 1.476280 4.618476 0.715377
v 1.446190 3.335124 0.254067
v 0.738140 3.980342 0.654260
v 2.214419 3.972911 0.266894
v -1.476280 4.618476 0.715377
v -1.446190 3.335124 0.254067
v -2.214419 3.972910 0.266894
v -0.738140 3.980342 0.654260
v -1.476280 7.156069 0.180768
v -1.476279 5.891932 0.690947
v -2.214419 6.519822 0.218035
v -0.738140 6.527253 0.605401
v 1.476279 7.156069 0.180768
v 1.476280 5.891932 0.690947
v 0.738140 6.527253 0.605401
v 2.214419 6.519822 0.218035
v 2.209293 7.148178 -0.000013
v -0.738140 7.158733 0.319622
v -0.738140 4.622055 0.901907
v 2.214419 4.613656 0.464112
v 0.738140 4.622055 0.901907
v 0.738140 3.271203 0.394199
v 2.176393 3.395976 0.071968
v -2.214419 4.613656 0.464112
v -2.176393 3.395976 0.071968
v -0.738140 3.271203 0.394199
v -2.209293 7.148178 -0.000013
v -2.214419 5.887112 0.439682
v -0.738140 5.895511 0.877478
v 0.738140 7.158733 0.319622
v 0.738140 5.895511 0.877478
v 2.214419 5.887112 0.439683
vn 0.2503 0.3434 0.9052
vn 0.2832 0.2901 0.9142
vn 0.2408 0.2849 0.9278
vn 0.2055 0.3340 0.9199
vn -0.1878 0.3887 0.9020
vn -0.0754 0.4172 0.9057
vn -0.0623 0.4107 0.9096
vn -0.1542 0.3814 0.9115
vn -0.2170 -0.3387 0.9155
vn -0.0871 -0.3634 0.9275
vn -0.0996 -0.1684 0.9807
vn -0.2463 -0.1558 0.9566
vn 0.2892 -0.3007 0.9088
vn 0.3247 -0.2559 0.9106
vn 0.3613 -0.1169 0.9251
vn 0.3253 -0.1374 0.9356
vn 0.0871 -0.3634 0.9275
vn 0.2170 -0.3387 0.9155
vn 0.2463 -0.1558 0.9566
vn 0.0996 -0.1684 0.9807
vn 0.0324 -0.3826 0.9234
vn 0.1608 -0.3248 0.9320
vn 0.2083 -0.3401 0.9170
vn 0.0586 -0.3655 0.9290
vn 0.2299 -0.2452 0.9418
vn 0.2612 -0.1980 0.9448
vn 0.2920 -0.3133 0.9036
vn 0.2618 -0.3335 0.9057
vn -0.3247 -0.2559 0.9106
vn -0.2892 -0.3007 0.9088
vn -0.3253 -0.1374 0.9356
vn -0.3613 -0.1169 0.9251
vn -0.2612 -0.1980 0.9448
vn -0.2299 -0.2452 0.9418
vn -0.2618 -0.3335 0.9057
vn -0.2920 -0.3133 0.9036
vn -0.1608 -0.3248 0.9320
vn -0.0324 -0.3826 0.9234
vn -0.0586 -0.3655 0.9290
vn -0.2083 -0.3401 0.9170
vn -0.2832 0.2901 0.9142
vn -0.2503 0.3434 0.9052
vn -0.2055 0.3340 0.9199
vn -0.2408 0.2849 0.9278
vn -0.3613 0.1523 0.9199
vn -0.3253 0.1732 0.9296
vn -0.2892 0.3354 0.8966
vn -0.3247 0.2906 0.9001
vn -0.2463 0.1924 0.9499
vn -0.0996 0.2059 0.9735
vn -0.0871 0.3988 0.9129
vn -0.2170 0.3736 0.9019
vn 0.0754 0.4172 0.9057
vn 0.1878 0.3887 0.9020
vn 0.1542 0.3814 0.9115
vn 0.0623 0.4107 0.9096
vn 0.0996 0.2059 0.9735
vn 0.2463 0.1924 0.9499
vn 0.2170 0.3736 0.9019
vn 0.0871 0.3988 0.9129
vn 0.3253 0.1732 0.9296
vn 0.3613 0.1523 0.9199
vn 0.3247 0.2906 0.9001
vn 0.2892 0.3354 0.8966
vt 0.227045 0.741856
vt 0.222786 0.869098
vt 0.111506 0.874375
vt 0.114269 0.747852
vt 0.218449 0.999839
vt 0.111919 0.998963
vt 0.033523 0.964983
vt 0.003123 0.874887
vt 0.000000 0.753093
vt 0.227045 0.258144
vt 0.230964 0.380942
vt 0.117610 0.377175
vt 0.114269 0.252148
vt 0.232825 0.500000
vt 0.119186 0.500000
vt 0.002041 0.500000
vt 0.001510 0.373701
vt 0.000000 0.246907
vt 0.652367 0.257880
vt 0.648687 0.380857
vt 0.539730 0.385281
vt 0.542540 0.265179
vt 0.646827 0.500000
vt 0.538203 0.500000
vt 0.439771 0.500000
vt 0.439759 0.387922
vt 0.439714 0.269237
vt 0.652367 0.742120
vt 0.656475 0.869361
vt 0.545623 0.861448
vt 0.542540 0.734821
vt 0.660675 1.000000
vt 0.548885 0.993606
vt 0.439588 0.990115
vt 0.439650 0.857039
vt 0.439714 0.730763
vt 0.648687 0.619143
vt 0.539730 0.614718
vt 0.439759 0.612078
vt 0.877680 0.500000
vt 0.884711 0.626496
vt 0.772366 0.622781
vt 0.760471 0.500000
vt 0.893279 0.757995
vt 0.765610 0.743318
vt 0.880508 0.879188
vt 0.758550 0.869751
vt 0.839316 0.966599
vt 0.748090 0.994073
vt 0.660675 -0.000000
vt 0.656475 0.130639
vt 0.545623 0.138552
vt 0.548885 0.006394
vt 0.439650 0.142961
vt 0.439588 0.009885
vt 0.839316 0.033401
vt 0.880508 0.120812
vt 0.758550 0.130249
vt 0.748090 0.005927
vt 0.893279 0.242006
vt 0.765610 0.256682
vt 0.884711 0.373504
vt 0.772366 0.377219
vt 0.218449 0.000161
vt 0.222786 0.130902
vt 0.111506 0.125625
vt 0.111919 0.001037
vt 0.003123 0.125113
vt 0.033523 0.035017
vt 0.333666 0.138666
vt 0.330279 0.006479
vt 0.336889 0.265282
vt 0.339813 0.385331
vt 0.341367 0.500000
vt 0.230964 0.619058
vt 0.117610 0.622825
vt 0.001510 0.626299
vt 0.339813 0.614669
vt 0.336889 0.734719
vt 0.333666 0.861334
vt 0.330279 0.993521
s 0
usemtl boatcurtain
f 391/645/321 431/646/321 432/647/321 428/648/321
f 431/646/322 378/649/322 394/650/322 432/647/322
f 432/647/323 394/650/323 370/651/323 411/652/323
f 428/648/324 432/647/324 411/652/324 383/653/324
f 390/654/325 427/655/325 433/656/325 424/657/325
f 427/655/326 384/658/326 400/659/326 433/656/326
f 433/656/327 400/659/327 374/660/327 407/661/327
f 424/657/328 433/656/328 407/661/328 379/662/328
f 389/663/329 423/664/329 434/665/329 420/666/329
f 423/664/330 385/667/330 401/668/330 434/665/330
f 434/665/331 401/668/331 375/669/331 414/670/331
f 420/666/332 434/665/332 414/670/332 386/671/332
f 388/672/333 419/673/333 435/674/333 416/675/333
f 419/673/334 382/676/334 398/677/334 435/674/334
f 435/674/335 398/677/335 373/678/335 415/679/335
f 416/675/336 435/674/336 415/679/336 387/680/336
f 385/667/337 418/681/337 436/682/337 401/668/337
f 418/681/338 388/672/338 416/675/338 436/682/338
f 436/682/339 416/675/339 387/680/339 403/683/339
f 401/668/340 436/682/340 403/683/340 375/669/340
f 372/684/341 405/685/341 437/686/341 413/687/341
f 405/685/342 377/688/342 417/689/342 437/686/342
f 437/686/343 417/689/343 388/672/343 418/681/343
f 413/687/344 437/686/344 418/681/344 385/667/344
f 377/688/345 393/690/345 438/691/345 417/689/345
f 393/690/346 368/692/346 410/693/346 438/691/346
f 438/691/347 410/693/347 382/676/347 419/673/347
f 417/689/348 438/691/348 419/673/348 388/672/348
f 376/694/349 422/695/349 439/696/349 404/697/349
f 422/695/350 389/663/350 420/666/350 439/696/350
f 439/696/351 420/666/351 386/671/351 402/698/351
f 404/697/352 439/696/352 402/698/352 371/699/352
f 367/700/353 409/701/353 440/702/353 392/703/353
f 409/701/354 381/704/354 421/705/354 440/702/354
f 440/702/355 421/705/355 389/663/355 422/695/355
f 392/703/356 440/702/356 422/695/356 376/694/356
f 381/704/357 397/706/357 441/707/357 421/705/357
f 397/706/358 372/684/358 413/687/358 441/707/358
f 441/707/359 413/687/359 385/667/359 423/664/359
f 421/705/360 441/707/360 423/664/360 389/663/360
f 380/708/361 426/709/361 442/710/361 408/711/361
f 426/709/362 390/654/362 424/657/362 442/710/362
f 442/710/363 424/657/363 379/662/363 395/712/363
f 408/711/364 442/710/364 395/712/364 369/713/364
f 371/699/365 402/698/365 443/714/365 396/715/365
f 402/698/366 386/671/366 425/716/366 443/714/366
f 443/714/367 425/716/367 390/654/367 426/709/367
f 396/715/368 443/714/368 426/709/368 380/708/368
f 386/671/369 414/670/369 444/717/369 425/716/369
f 414/670/370 375/669/370 412/718/370 444/717/370
f 444/717/371 412/718/371 384/658/371 427/655/371
f 425/716/372 444/717/372 427/655/372 390/654/372
f 384/658/373 430/719/373 445/720/373 400/659/373
f 430/719/374 391/645/374 428/648/374 445/720/374
f 445/720/375 428/648/375 383/653/375 399/721/375
f 400/659/376 445/720/376 399/721/376 374/660/376
f 375/669/377 403/683/377 446/722/377 412/718/377
f 403/683/378 387/680/378 429/723/378 446/722/378
f 446/722/379 429/723/379 391/645/379 430/719/379
f 412/718/380 446/722/380 430/719/380 384/658/380
f 387/680/381 415/679/381 447/724/381 429/723/381
f 415/679/382 373/678/382 406/725/382 447/724/382
f 447/724/383 406/725/383 378/649/383 431/646/383
f 429/723/384 447/724/384 431/646/384 391/645/384
o Cylinder.009
v 0.834244 -0.747247 -4.272422
v 0.761912 -0.796117 -4.247338
v 0.730349 -0.828287 -4.168482
v 0.758044 -0.824912 -4.082048
v 0.828773 -0.787970 -4.038666
v 0.901105 -0.739101 -4.063750
v 0.932668 -0.706931 -4.142606
v 0.904973 -0.710305 -4.229040
v 0.924113 -0.895427 -4.280138
v 0.918645 -0.884128 -4.290379
v 0.861383 -0.937809 -4.258384
v 0.848664 -0.931410 -4.266109
v 0.834010 -0.965708 -4.189997
v 0.818126 -0.962535 -4.189816
v 0.858028 -0.962781 -4.115036
v 0.844921 -0.959270 -4.106190
v 0.919368 -0.930744 -4.077415
v 0.913353 -0.923528 -4.064218
v 0.982098 -0.888361 -4.099168
v 0.983334 -0.876247 -4.088487
v 1.009471 -0.860462 -4.167555
v 1.013872 -0.845122 -4.164780
v 0.985453 -0.863389 -4.242516
v 0.987077 -0.848387 -4.248406
v 0.987665 -0.876905 -4.239995
v 0.988770 -0.870481 -4.242828
v 1.012514 -0.867588 -4.168725
v 1.010115 -0.874170 -4.169929
v 0.984529 -0.900248 -4.106006
v 0.985454 -0.895168 -4.101120
v 0.925895 -0.939863 -4.085672
v 0.923442 -0.937065 -4.079615
v 0.868559 -0.969809 -4.120839
v 0.862803 -0.968737 -4.116807
v 0.846109 -0.972545 -4.190905
v 0.839060 -0.971630 -4.190910
v 0.871695 -0.946467 -4.254827
v 0.866120 -0.944050 -4.258515
v 0.930329 -0.906852 -4.275161
v 0.928132 -0.902152 -4.280021
v 1.446636 -0.139862 0.645765
v 1.421141 -0.225562 0.661726
v 1.396049 -0.272449 0.735355
v 1.386059 -0.253058 0.823523
v 1.397024 -0.178746 0.874580
v 1.422520 -0.093046 0.858620
v 1.447612 -0.046159 0.784991
v 1.457601 -0.065551 0.696824
v 1.608062 -0.186180 0.689236
v 1.600068 -0.181448 0.675965
v 1.585950 -0.260503 0.703077
v 1.575400 -0.264364 0.691407
v 1.564189 -0.301166 0.766932
v 1.551123 -0.309727 0.762644
v 1.555526 -0.284349 0.843395
v 1.541458 -0.290966 0.847947
v 1.565035 -0.219902 0.887675
v 1.552067 -0.219069 0.897346
v 1.587146 -0.145579 0.873834
v 1.576735 -0.136153 0.881905
v 1.608908 -0.104916 0.809978
v 1.601012 -0.090789 0.810667
v 1.617571 -0.121734 0.733516
v 1.610677 -0.109551 0.725364
v 1.627177 -0.130130 0.739100
v 1.624603 -0.124625 0.735413
v 1.616038 -0.108000 0.811001
v 1.619079 -0.114411 0.810571
v 1.598739 -0.152419 0.870257
v 1.594526 -0.148198 0.874126
v 1.578071 -0.221890 0.883194
v 1.572668 -0.221671 0.887809
v 1.569182 -0.282129 0.841805
v 1.563267 -0.285380 0.844036
v 1.577280 -0.297848 0.770334
v 1.571831 -0.302005 0.768447
v 1.597620 -0.259840 0.710649
v 1.593344 -0.261807 0.705322
v 1.618288 -0.190369 0.697710
v 1.615202 -0.188334 0.691639
v 1.582447 -0.159264 -0.876777
v 1.559837 -0.245717 -0.860528
v 1.545330 -0.295363 -0.785868
v 1.547423 -0.279120 -0.696531
v 1.564891 -0.206503 -0.644849
v 1.587501 -0.120051 -0.661098
v 1.602008 -0.070404 -0.735758
v 1.599914 -0.086647 -0.825095
v 1.748552 -0.205412 -0.857482
v 1.738789 -0.200307 -0.869357
v 1.728944 -0.280388 -0.843390
v 1.716914 -0.283951 -0.853636
v 1.716363 -0.323444 -0.778642
v 1.702878 -0.331985 -0.781402
v 1.718179 -0.309357 -0.701164
v 1.704904 -0.316269 -0.694967
v 1.733328 -0.246381 -0.656343
v 1.721804 -0.246012 -0.644965
v 1.752936 -0.171404 -0.670435
v 1.743679 -0.162368 -0.660685
v 1.765517 -0.128349 -0.735184
v 1.757715 -0.114335 -0.732920
v 1.763701 -0.142435 -0.812661
v 1.755689 -0.130050 -0.819354
v 1.774027 -0.150922 -0.808746
v 1.770942 -0.145319 -0.811849
v 1.772737 -0.131393 -0.735257
v 1.775724 -0.137755 -0.736327
v 1.763964 -0.177999 -0.675805
v 1.760300 -0.173957 -0.671249
v 1.745636 -0.248080 -0.662634
v 1.740916 -0.248075 -0.657319
v 1.731476 -0.306946 -0.704528
v 1.725940 -0.310332 -0.701627
v 1.729779 -0.320113 -0.776947
v 1.724145 -0.324257 -0.778218
v 1.741539 -0.279868 -0.837469
v 1.736582 -0.281694 -0.842226
v 1.759867 -0.209787 -0.850641
v 1.755966 -0.207575 -0.856157
v 0.932258 -0.188775 2.101180
v 0.892300 -0.269732 2.111109
v 0.834446 -0.305875 2.171075
v 0.792587 -0.276031 2.245952
v 0.791242 -0.197683 2.291877
v 0.831201 -0.116726 2.281947
v 0.889055 -0.080583 2.221982
v 0.930914 -0.110427 2.147105
v 1.056049 -0.243320 2.209780
v 1.054646 -0.239440 2.194115
v 1.021395 -0.313529 2.218391
v 1.015986 -0.317767 2.203722
v 0.971221 -0.344874 2.270396
v 0.960011 -0.352735 2.261740
v 0.934919 -0.318992 2.335332
v 0.919512 -0.323861 2.334183
v 0.933753 -0.251045 2.375161
v 0.918211 -0.248058 2.378616
v 0.968407 -0.180835 2.366550
v 0.956872 -0.169731 2.369009
v 1.018581 -0.149490 2.314544
v 1.012846 -0.134763 2.310991
v 1.054883 -0.175372 2.249608
v 1.053345 -0.163637 2.238548
v 1.060369 -0.183870 2.259181
v 1.060168 -0.178613 2.254400
v 1.024281 -0.153027 2.318594
v 1.026437 -0.159678 2.319878
v 0.979539 -0.188976 2.368488
v 0.974681 -0.184013 2.370005
v 0.947147 -0.254602 2.376537
v 0.940423 -0.253420 2.378517
v 0.948237 -0.318114 2.339309
v 0.941576 -0.320590 2.339145
v 0.982169 -0.342306 2.278612
v 0.977463 -0.346176 2.274951
v 1.029067 -0.313008 2.230002
v 1.027063 -0.315190 2.223541
v 1.061459 -0.247382 2.221953
v 1.061321 -0.245783 2.215028
v 1.498041 -0.137834 -2.402237
v 1.477127 -0.224725 -2.386052
v 1.472189 -0.276843 -2.311832
v 1.486119 -0.263660 -2.223055
v 1.510758 -0.192897 -2.171724
v 1.531671 -0.106006 -2.187909
v 1.536609 -0.053887 -2.262128
v 1.522679 -0.067071 -2.350906
v 1.664899 -0.185092 -2.406510
v 1.653698 -0.179558 -2.416821
v 1.646761 -0.260448 -2.392474
v 1.633463 -0.263625 -2.401162
v 1.642479 -0.305648 -2.328107
v 1.628686 -0.314051 -2.329353
v 1.654560 -0.294215 -2.251115
v 1.642163 -0.301296 -2.243460
v 1.675927 -0.232846 -2.206599
v 1.666001 -0.232832 -2.193797
v 1.694064 -0.157490 -2.220635
v 1.686235 -0.148764 -2.209456
v 1.698347 -0.112290 -2.285002
v 1.691013 -0.098338 -2.281264
v 1.686266 -0.123723 -2.361994
v 1.677536 -0.111094 -2.367158
v 1.696954 -0.132368 -2.359756
v 1.693529 -0.126654 -2.362238
v 1.705472 -0.115351 -2.286126
v 1.708246 -0.121681 -2.287791
v 1.704243 -0.163930 -2.227626
v 1.701239 -0.160034 -2.222495
v 1.687290 -0.234366 -2.214506
v 1.683309 -0.234528 -2.208619
v 1.667317 -0.291729 -2.256116
v 1.662186 -0.295195 -2.252627
v 1.656025 -0.302415 -2.328082
v 1.650243 -0.306498 -2.328738
v 1.660028 -0.260166 -2.388247
v 1.654476 -0.261815 -2.392369
v 1.676981 -0.189730 -2.401367
v 1.672406 -0.187321 -2.406245
v 1.350608 -0.161411 -3.544326
v 1.329321 -0.248202 -3.528095
v 1.324737 -0.300415 -3.453919
v 1.339541 -0.287464 -3.365249
v 1.365062 -0.216935 -3.314026
v 1.386349 -0.130144 -3.330257
v 1.390933 -0.077931 -3.404433
v 1.376129 -0.090882 -3.493104
v 1.517135 -0.209657 -3.550174
v 1.505876 -0.204038 -3.560374
v 1.498674 -0.284926 -3.536098
v 1.485280 -0.288009 -3.544671
v 1.494698 -0.330208 -3.471769
v 1.480845 -0.338526 -3.472905
v 1.507537 -0.318976 -3.394870
v 1.495168 -0.325996 -3.387115
v 1.529670 -0.257810 -3.350447
v 1.519859 -0.257758 -3.337557
v 1.548131 -0.182541 -3.364523
v 1.540455 -0.173787 -3.353260
v 1.552107 -0.137259 -3.428852
v 1.544890 -0.123270 -3.425027
v 1.539268 -0.148491 -3.505751
v 1.530567 -0.135801 -3.510816
v 1.549923 -0.157203 -3.503624
v 1.546511 -0.151464 -3.506065
v 1.559203 -0.140361 -3.430045
v 1.561924 -0.146704 -3.431746
v 1.558208 -0.189029 -3.371616
v 1.555273 -0.185125 -3.366452
v 1.540952 -0.259385 -3.358459
v 1.537023 -0.259533 -3.352537
v 1.520264 -0.316558 -3.399981
v 1.515143 -0.320000 -3.396451
v 1.508263 -0.327056 -3.471860
v 1.502451 -0.331103 -3.472471
v 1.511979 -0.284731 -3.531990
v 1.506382 -0.286339 -3.536065
v 1.529235 -0.214375 -3.545147
v 1.524632 -0.211930 -3.549980
v 0.299913 -0.055232 3.055552
v 0.243092 -0.125917 3.050624
v 0.169410 -0.152418 3.096646
v 0.122029 -0.119210 3.166656
v 0.128704 -0.045747 3.219646
v 0.185525 0.024939 3.224574
v 0.259207 0.051439 3.178553
v 0.306588 0.018232 3.108541
v 0.388759 -0.142800 3.176097
v 0.390966 -0.137664 3.160893
v 0.339482 -0.204102 3.171824
v 0.335991 -0.206053 3.156126
v 0.275581 -0.227085 3.211736
v 0.264703 -0.231693 3.200653
v 0.234489 -0.198286 3.272452
v 0.218861 -0.199564 3.268389
v 0.240278 -0.134575 3.318408
v 0.225319 -0.128487 3.319657
v 0.289556 -0.073273 3.322681
v 0.280294 -0.060098 3.324424
v 0.353457 -0.050290 3.282769
v 0.351582 -0.034459 3.279898
v 0.394548 -0.079090 3.222052
v 0.397424 -0.066587 3.212162
v 0.396399 -0.089208 3.231440
v 0.398127 -0.083726 3.227257
v 0.357505 -0.055256 3.287281
v 0.357991 -0.062289 3.288194
v 0.298262 -0.083772 3.325500
v 0.294335 -0.077976 3.326736
v 0.252201 -0.141071 3.321505
v 0.245621 -0.138577 3.322511
v 0.246790 -0.200623 3.278551
v 0.239898 -0.201559 3.277082
v 0.285199 -0.227542 3.221797
v 0.280520 -0.230029 3.217059
v 0.344928 -0.206060 3.184491
v 0.343690 -0.207309 3.177603
v 0.390989 -0.148760 3.188485
v 0.392404 -0.146709 3.181828
v 0.310090 -0.585714 2.476816
v 0.238773 -0.636857 2.453415
v 0.155774 -0.650798 2.487563
v 0.109713 -0.619370 2.559257
v 0.127571 -0.560983 2.626498
v 0.198888 -0.509840 2.649899
v 0.281887 -0.495899 2.615750
v 0.327949 -0.527327 2.544056
v 0.359360 -0.713720 2.583023
v 0.364604 -0.706711 2.569394
v 0.297511 -0.758074 2.562729
v 0.295604 -0.756192 2.546753
v 0.225530 -0.770164 2.592344
v 0.215302 -0.769680 2.579792
v 0.185583 -0.742908 2.654520
v 0.170736 -0.739272 2.649156
v 0.201071 -0.692272 2.712834
v 0.188015 -0.682783 2.714213
v 0.262920 -0.647918 2.733129
v 0.257015 -0.633301 2.736853
v 0.334901 -0.635829 2.703513
v 0.337317 -0.619814 2.703814
v 0.374848 -0.663085 2.641337
v 0.381883 -0.650221 2.634450
v 0.373004 -0.674845 2.648566
v 0.376518 -0.669355 2.645730
v 0.337029 -0.642411 2.707195
v 0.335665 -0.649368 2.706683
v 0.268384 -0.660669 2.734364
v 0.265871 -0.654362 2.736471
v 0.210572 -0.702127 2.715395
v 0.204728 -0.698209 2.716409
v 0.196096 -0.749457 2.660887
v 0.189418 -0.748265 2.658762
v 0.233434 -0.774933 2.602771
v 0.228908 -0.775210 2.597297
v 0.300716 -0.763633 2.575089
v 0.300065 -0.763258 2.568020
v 0.358528 -0.722175 2.594058
v 0.361208 -0.719411 2.588082
v 0.263312 -1.023908 1.537751
v 0.185990 -1.060054 1.506701
v 0.104046 -1.076631 1.542194
v 0.065483 -1.063928 1.623439
v 0.092889 -1.029387 1.702844
v 0.170210 -0.993241 1.733894
v 0.252154 -0.976664 1.698401
v 0.290718 -0.989367 1.617156
v 0.305240 -1.180906 1.598470
v 0.310396 -1.170665 1.587027
v 0.238183 -1.212253 1.571542
v 0.235586 -1.205636 1.556986
v 0.167117 -1.226630 1.602323
v 0.156305 -1.221675 1.591325
v 0.133673 -1.215613 1.672782
v 0.118994 -1.209385 1.669931
v 0.157441 -1.185658 1.741647
v 0.145509 -1.175966 1.746757
v 0.224498 -1.154310 1.768575
v 0.220319 -1.140994 1.776798
v 0.295563 -1.139934 1.737794
v 0.299600 -1.124956 1.742458
v 0.329008 -1.150950 1.667334
v 0.336911 -1.137246 1.663853
v 0.326391 -1.164121 1.671025
v 0.330278 -1.158344 1.669596
v 0.297216 -1.147454 1.739251
v 0.295130 -1.153824 1.736885
v 0.228704 -1.167262 1.765657
v 0.226964 -1.161666 1.769680
v 0.166025 -1.196563 1.740487
v 0.160673 -1.192655 1.743059
v 0.143808 -1.224563 1.676119
v 0.137177 -1.222268 1.674983
v 0.175069 -1.234860 1.610259
v 0.170239 -1.233158 1.605330
v 0.241495 -1.221422 1.581487
v 0.240492 -1.218946 1.574900
v 0.304175 -1.192121 1.606658
v 0.306782 -1.187957 1.601520
v 0.270196 -1.129414 0.687617
v 0.190652 -1.159156 0.655406
v 0.111969 -1.185131 0.692603
v 0.080238 -1.192122 0.777417
v 0.114046 -1.176034 0.860167
v 0.193589 -1.146292 0.892377
v 0.272273 -1.120318 0.855181
v 0.304004 -1.113327 0.770367
v 0.317375 -1.295197 0.707188
v 0.321542 -1.282508 0.698022
v 0.248392 -1.320992 0.679254
v 0.244583 -1.311284 0.666857
v 0.180154 -1.343518 0.711512
v 0.168456 -1.336415 0.702845
v 0.152635 -1.349581 0.785068
v 0.137755 -1.343179 0.784904
v 0.181955 -1.335629 0.856833
v 0.170465 -1.327614 0.864965
v 0.250938 -1.309835 0.884767
v 0.247424 -1.298838 0.896131
v 0.319176 -1.287309 0.852508
v 0.323551 -1.273708 0.860142
v 0.346695 -1.281245 0.778953
v 0.354252 -1.266943 0.778082
v 0.344424 -1.294964 0.779726
v 0.348166 -1.288932 0.779352
v 0.320962 -1.294926 0.852067
v 0.318702 -1.300631 0.848479
v 0.254919 -1.321687 0.878632
v 0.253504 -1.317194 0.883956
v 0.190438 -1.345797 0.852521
v 0.185309 -1.342693 0.856341
v 0.163032 -1.358838 0.785441
v 0.156325 -1.356486 0.785397
v 0.188755 -1.353171 0.716688
v 0.183529 -1.350492 0.712683
v 0.252538 -1.332115 0.686535
v 0.250987 -1.328223 0.680792
v 0.317018 -1.308005 0.712646
v 0.319181 -1.302724 0.708408
v -0.834244 -0.747247 -4.272421
v -0.761912 -0.796117 -4.247337
v -0.730349 -0.828287 -4.168482
v -0.758044 -0.824912 -4.082047
v -0.828773 -0.787970 -4.038666
v -0.901105 -0.739101 -4.063750
v -0.932668 -0.706931 -4.142605
v -0.904973 -0.710305 -4.229040
v -0.924113 -0.895427 -4.280138
v -0.918646 -0.884128 -4.290378
v -0.861383 -0.937809 -4.258384
v -0.848664 -0.931410 -4.266109
v -0.834010 -0.965708 -4.189997
v -0.818126 -0.962535 -4.189816
v -0.858029 -0.962782 -4.115036
v -0.844921 -0.959270 -4.106189
v -0.919369 -0.930744 -4.077414
v -0.913353 -0.923528 -4.064217
v -0.982098 -0.888361 -4.099168
v -0.983335 -0.876247 -4.088486
v -1.009471 -0.860462 -4.167555
v -1.013872 -0.845122 -4.164780
v -0.985453 -0.863389 -4.242516
v -0.987077 -0.848387 -4.248406
v -0.987664 -0.876905 -4.239995
v -0.988770 -0.870481 -4.242828
v -1.012514 -0.867588 -4.168725
v -1.010115 -0.874170 -4.169928
v -0.984529 -0.900248 -4.106006
v -0.985454 -0.895168 -4.101120
v -0.925895 -0.939863 -4.085672
v -0.923442 -0.937065 -4.079615
v -0.868559 -0.969809 -4.120838
v -0.862803 -0.968737 -4.116807
v -0.846109 -0.972545 -4.190905
v -0.839060 -0.971630 -4.190910
v -0.871695 -0.946467 -4.254827
v -0.866120 -0.944050 -4.258515
v -0.930329 -0.906852 -4.275161
v -0.928132 -0.902152 -4.280020
v -1.446637 -0.139862 0.645766
v -1.421141 -0.225562 0.661726
v -1.396049 -0.272449 0.735355
v -1.386059 -0.253057 0.823523
v -1.397024 -0.178746 0.874581
v -1.422520 -0.093046 0.858621
v -1.447612 -0.046159 0.784991
v -1.457602 -0.065551 0.696824
v -1.608062 -0.186180 0.689236
v -1.600068 -0.181448 0.675966
v -1.585950 -0.260503 0.703078
v -1.575400 -0.264364 0.691408
v -1.564189 -0.301166 0.766932
v -1.551124 -0.309727 0.762644
v -1.555526 -0.284348 0.843396
v -1.541459 -0.290966 0.847948
v -1.565035 -0.219902 0.887676
v -1.552067 -0.219069 0.897347
v -1.587147 -0.145579 0.873834
v -1.576735 -0.136153 0.881905
v -1.608908 -0.104916 0.809979
v -1.601012 -0.090789 0.810668
v -1.617571 -0.121734 0.733516
v -1.610677 -0.109551 0.725365
v -1.627177 -0.130130 0.739100
v -1.624603 -0.124625 0.735414
v -1.616039 -0.108000 0.811001
v -1.619079 -0.114411 0.810571
v -1.598739 -0.152419 0.870257
v -1.594527 -0.148197 0.874126
v -1.578071 -0.221890 0.883195
v -1.572668 -0.221671 0.887809
v -1.569183 -0.282129 0.841806
v -1.563267 -0.285380 0.844036
v -1.577280 -0.297848 0.770335
v -1.571832 -0.302005 0.768447
v -1.597620 -0.259840 0.710649
v -1.593344 -0.261808 0.705323
v -1.618289 -0.190369 0.697710
v -1.615202 -0.188334 0.691639
v -1.582447 -0.159264 -0.876776
v -1.559837 -0.245717 -0.860528
v -1.545330 -0.295363 -0.785868
v -1.547423 -0.279120 -0.696531
v -1.564891 -0.206504 -0.644849
v -1.587501 -0.120050 -0.661097
v -1.602008 -0.070405 -0.735757
v -1.599915 -0.086647 -0.825094
v -1.748553 -0.205412 -0.857481
v -1.738789 -0.200307 -0.869356
v -1.728944 -0.280388 -0.843390
v -1.716914 -0.283952 -0.853636
v -1.716363 -0.323444 -0.778641
v -1.702878 -0.331985 -0.781402
v -1.718179 -0.309357 -0.701164
v -1.704904 -0.316269 -0.694967
v -1.733328 -0.246381 -0.656343
v -1.721804 -0.246012 -0.644964
v -1.752936 -0.171404 -0.670434
v -1.743680 -0.162368 -0.660685
v -1.765517 -0.128349 -0.735183
v -1.757715 -0.114334 -0.732919
v -1.763701 -0.142436 -0.812661
v -1.755690 -0.130050 -0.819354
v -1.774027 -0.150921 -0.808746
v -1.770942 -0.145319 -0.811848
v -1.772738 -0.131393 -0.735257
v -1.775724 -0.137754 -0.736326
v -1.763964 -0.177999 -0.675805
v -1.760300 -0.173956 -0.671248
v -1.745636 -0.248080 -0.662633
v -1.740916 -0.248075 -0.657319
v -1.731476 -0.306946 -0.704528
v -1.725940 -0.310332 -0.701626
v -1.729779 -0.320113 -0.776947
v -1.724145 -0.324257 -0.778218
v -1.741539 -0.279868 -0.837469
v -1.736583 -0.281694 -0.842226
v -1.759867 -0.209787 -0.850640
v -1.755967 -0.207575 -0.856156
v -0.932258 -0.188775 2.101182
v -0.892300 -0.269732 2.111110
v -0.834446 -0.305875 2.171076
v -0.792587 -0.276031 2.245952
v -0.791243 -0.197683 2.291876
v -0.831201 -0.116726 2.281948
v -0.889055 -0.080583 2.221982
v -0.930914 -0.110427 2.147106
v -1.056049 -0.243320 2.209780
v -1.054646 -0.239440 2.194116
v -1.021395 -0.313529 2.218391
v -1.015986 -0.317767 2.203722
v -0.971221 -0.344874 2.270397
v -0.960012 -0.352735 2.261739
v -0.934919 -0.318992 2.335333
v -0.919512 -0.323861 2.334184
v -0.933753 -0.251045 2.375162
v -0.918212 -0.248058 2.378617
v -0.968407 -0.180835 2.366551
v -0.956872 -0.169731 2.369010
v -1.018581 -0.149490 2.314545
v -1.012846 -0.134763 2.310992
v -1.054883 -0.175372 2.249608
v -1.053345 -0.163638 2.238548
v -1.060369 -0.183870 2.259181
v -1.060168 -0.178613 2.254401
v -1.024281 -0.153027 2.318595
v -1.026437 -0.159678 2.319878
v -0.979539 -0.188976 2.368488
v -0.974681 -0.184013 2.370006
v -0.947147 -0.254602 2.376538
v -0.940424 -0.253420 2.378518
v -0.948237 -0.318114 2.339310
v -0.941576 -0.320590 2.339145
v -0.982169 -0.342306 2.278613
v -0.977463 -0.346176 2.274951
v -1.029068 -0.313008 2.230002
v -1.027063 -0.315190 2.223541
v -1.061459 -0.247381 2.221953
v -1.061321 -0.245783 2.215029
v -1.498041 -0.137834 -2.402236
v -1.477128 -0.224724 -2.386051
v -1.472189 -0.276843 -2.311832
v -1.486119 -0.263660 -2.223054
v -1.510758 -0.192897 -2.171723
v -1.531672 -0.106006 -2.187908
v -1.536610 -0.053887 -2.262128
v -1.522679 -0.067071 -2.350905
v -1.664899 -0.185092 -2.406510
v -1.653698 -0.179558 -2.416821
v -1.646761 -0.260448 -2.392474
v -1.633463 -0.263625 -2.401161
v -1.642479 -0.305648 -2.328107
v -1.628686 -0.314051 -2.329353
v -1.654560 -0.294215 -2.251115
v -1.642164 -0.301296 -2.243460
v -1.675927 -0.232846 -2.206598
v -1.666001 -0.232832 -2.193797
v -1.694065 -0.157490 -2.220634
v -1.686235 -0.148764 -2.209456
v -1.698347 -0.112290 -2.285001
v -1.691013 -0.098338 -2.281264
v -1.686266 -0.123723 -2.361994
v -1.677536 -0.111094 -2.367157
v -1.696954 -0.132368 -2.359756
v -1.693530 -0.126654 -2.362237
v -1.705472 -0.115351 -2.286125
v -1.708246 -0.121681 -2.287790
v -1.704243 -0.163930 -2.227626
v -1.701239 -0.160034 -2.222495
v -1.687290 -0.234366 -2.214506
v -1.683309 -0.234528 -2.208619
v -1.667317 -0.291728 -2.256116
v -1.662186 -0.295195 -2.252626
v -1.656025 -0.302415 -2.328082
v -1.650243 -0.306498 -2.328738
v -1.660028 -0.260166 -2.388247
v -1.654476 -0.261815 -2.392369
v -1.676981 -0.189730 -2.401366
v -1.672406 -0.187321 -2.406245
v -1.350608 -0.161411 -3.544326
v -1.329321 -0.248202 -3.528095
v -1.324737 -0.300415 -3.453919
v -1.339541 -0.287464 -3.365249
v -1.365062 -0.216935 -3.314026
v -1.386349 -0.130144 -3.330257
v -1.390933 -0.077931 -3.404433
v -1.376129 -0.090882 -3.493103
v -1.517135 -0.209657 -3.550174
v -1.505876 -0.204038 -3.560374
v -1.498674 -0.284926 -3.536098
v -1.485280 -0.288009 -3.544671
v -1.494699 -0.330208 -3.471769
v -1.480845 -0.338526 -3.472905
v -1.507537 -0.318976 -3.394869
v -1.495168 -0.325996 -3.387115
v -1.529670 -0.257810 -3.350447
v -1.519860 -0.257758 -3.337557
v -1.548131 -0.182541 -3.364523
v -1.540455 -0.173787 -3.353260
v -1.552107 -0.137259 -3.428852
v -1.544890 -0.123270 -3.425026
v -1.539268 -0.148491 -3.505751
v -1.530567 -0.135801 -3.510816
v -1.549923 -0.157203 -3.503624
v -1.546511 -0.151464 -3.506065
v -1.559203 -0.140361 -3.430045
v -1.561924 -0.146704 -3.431745
v -1.558208 -0.189030 -3.371616
v -1.555273 -0.185124 -3.366452
v -1.540952 -0.259385 -3.358459
v -1.537023 -0.259533 -3.352537
v -1.520264 -0.316558 -3.399981
v -1.515143 -0.319999 -3.396451
v -1.508263 -0.327056 -3.471860
v -1.502451 -0.331103 -3.472471
v -1.511980 -0.284731 -3.531989
v -1.506382 -0.286339 -3.536064
v -1.529235 -0.214375 -3.545146
v -1.524632 -0.211930 -3.549979
v -0.299914 -0.055232 3.055552
v -0.243093 -0.125917 3.050625
v -0.169410 -0.152418 3.096646
v -0.122029 -0.119210 3.166657
v -0.128704 -0.045747 3.219647
v -0.185525 0.024939 3.224575
v -0.259207 0.051439 3.178553
v -0.306588 0.018232 3.108542
v -0.388760 -0.142800 3.176098
v -0.390966 -0.137664 3.160894
v -0.339482 -0.204102 3.171825
v -0.335991 -0.206053 3.156126
v -0.275581 -0.227085 3.211736
v -0.264703 -0.231692 3.200653
v -0.234489 -0.198286 3.272453
v -0.218861 -0.199564 3.268389
v -0.240278 -0.134575 3.318408
v -0.225319 -0.128487 3.319658
v -0.289556 -0.073273 3.322682
v -0.280294 -0.060098 3.324424
v -0.353457 -0.050290 3.282770
v -0.351582 -0.034458 3.279898
v -0.394548 -0.079089 3.222053
v -0.397424 -0.066587 3.212162
v -0.396399 -0.089208 3.231441
v -0.398127 -0.083726 3.227258
v -0.357505 -0.055256 3.287282
v -0.357991 -0.062289 3.288194
v -0.298262 -0.083771 3.325500
v -0.294335 -0.077976 3.326736
v -0.252201 -0.141071 3.321506
v -0.245621 -0.138577 3.322512
v -0.246790 -0.200623 3.278550
v -0.239898 -0.201559 3.277082
v -0.285199 -0.227542 3.221798
v -0.280520 -0.230029 3.217061
v -0.344928 -0.206060 3.184492
v -0.343690 -0.207309 3.177604
v -0.390989 -0.148760 3.188486
v -0.392404 -0.146709 3.181829
v -0.310091 -0.585714 2.476816
v -0.238773 -0.636857 2.453415
v -0.155774 -0.650798 2.487564
v -0.109713 -0.619369 2.559258
v -0.127571 -0.560983 2.626499
v -0.198888 -0.509840 2.649899
v -0.281888 -0.495899 2.615751
v -0.327949 -0.527328 2.544057
v -0.359360 -0.713720 2.583023
v -0.364604 -0.706711 2.569394
v -0.297511 -0.758074 2.562729
v -0.295604 -0.756192 2.546753
v -0.225530 -0.770164 2.592345
v -0.215302 -0.769680 2.579792
v -0.185583 -0.742908 2.654521
v -0.170737 -0.739272 2.649157
v -0.201071 -0.692272 2.712834
v -0.188015 -0.682783 2.714213
v -0.262920 -0.647918 2.733130
v -0.257015 -0.633301 2.736853
v -0.334901 -0.635829 2.703514
v -0.337318 -0.619814 2.703814
v -0.374848 -0.663085 2.641338
v -0.381883 -0.650221 2.634450
v -0.373004 -0.674845 2.648567
v -0.376518 -0.669355 2.645731
v -0.337029 -0.642411 2.707196
v -0.335665 -0.649368 2.706683
v -0.268384 -0.660669 2.734365
v -0.265871 -0.654362 2.736472
v -0.210572 -0.702127 2.715395
v -0.204729 -0.698209 2.716411
v -0.196096 -0.749457 2.660888
v -0.189418 -0.748265 2.658762
v -0.233434 -0.774933 2.602772
v -0.228908 -0.775210 2.597297
v -0.300716 -0.763633 2.575089
v -0.300066 -0.763258 2.568020
v -0.358528 -0.722175 2.594059
v -0.361208 -0.719411 2.588082
v -0.263312 -1.023908 1.537752
v -0.185990 -1.060054 1.506701
v -0.104047 -1.076631 1.542195
v -0.065483 -1.063928 1.623440
v -0.092889 -1.029387 1.702845
v -0.170210 -0.993241 1.733895
v -0.252154 -0.976664 1.698401
v -0.290718 -0.989367 1.617157
v -0.305240 -1.180906 1.598470
v -0.310396 -1.170665 1.587028
v -0.238183 -1.212253 1.571542
v -0.235586 -1.205636 1.556986
v -0.167117 -1.226630 1.602323
v -0.156305 -1.221674 1.591326
v -0.133673 -1.215613 1.672783
v -0.118994 -1.209385 1.669931
v -0.157441 -1.185658 1.741647
v -0.145509 -1.175966 1.746757
v -0.224498 -1.154310 1.768575
v -0.220319 -1.140994 1.776799
v -0.295563 -1.139934 1.737794
v -0.299601 -1.124956 1.742458
v -0.329008 -1.150950 1.667335
v -0.336911 -1.137246 1.663853
v -0.326391 -1.164121 1.671026
v -0.330278 -1.158344 1.669597
v -0.297216 -1.147454 1.739251
v -0.295130 -1.153824 1.736886
v -0.228704 -1.167262 1.765657
v -0.226964 -1.161666 1.769680
v -0.166025 -1.196563 1.740487
v -0.160673 -1.192655 1.743060
v -0.143808 -1.224563 1.676119
v -0.137177 -1.222268 1.674984
v -0.175070 -1.234860 1.610259
v -0.170239 -1.233158 1.605330
v -0.241495 -1.221422 1.581487
v -0.240492 -1.218946 1.574900
v -0.304175 -1.192121 1.606658
v -0.306782 -1.187957 1.601520
v -0.270196 -1.129414 0.687617
v -0.190652 -1.159156 0.655406
v -0.111969 -1.185131 0.692603
v -0.080238 -1.192122 0.777418
v -0.114046 -1.176035 0.860167
v -0.193589 -1.146292 0.892378
v -0.272273 -1.120318 0.855182
v -0.304004 -1.113326 0.770367
v -0.317375 -1.295197 0.707189
v -0.321542 -1.282508 0.698021
v -0.248392 -1.320992 0.679254
v -0.244583 -1.311285 0.666857
v -0.180154 -1.343518 0.711513
v -0.168456 -1.336415 0.702846
v -0.152635 -1.349581 0.785068
v -0.137755 -1.343179 0.784905
v -0.181955 -1.335629 0.856833
v -0.170465 -1.327614 0.864966
v -0.250939 -1.309835 0.884768
v -0.247424 -1.298838 0.896131
v -0.319176 -1.287309 0.852509
v -0.323551 -1.273708 0.860143
v -0.346696 -1.281245 0.778954
v -0.354252 -1.266944 0.778083
v -0.344424 -1.294964 0.779727
v -0.348166 -1.288932 0.779353
v -0.320962 -1.294926 0.852067
v -0.318702 -1.300631 0.848480
v -0.254919 -1.321687 0.878633
v -0.253505 -1.317194 0.883956
v -0.190439 -1.345797 0.852521
v -0.185310 -1.342693 0.856341
v -0.163033 -1.358838 0.785442
v -0.156325 -1.356486 0.785397
v -0.188755 -1.353171 0.716689
v -0.183529 -1.350492 0.712683
v -0.252538 -1.332115 0.686535
v -0.250987 -1.328223 0.680793
v -0.317018 -1.308005 0.712647
v -0.319182 -1.302724 0.708409
vn -0.5223 0.8421 0.1345
vn 0.1537 -0.6217 -0.7680
vn -0.1813 -0.8831 -0.4328
vn -0.1938 -0.9759 0.1002
vn 0.1236 -0.8459 0.5188
vn 0.5849 -0.5692 0.5778
vn 0.9200 -0.3078 0.2426
vn 0.9325 -0.2150 -0.2904
vn 0.6151 -0.3450 -0.7090
vn -0.2934 -0.0557 -0.9544
vn 0.3589 0.3356 -0.8710
vn -0.7671 -0.4252 -0.4805
vn -0.7847 -0.5565 0.2731
vn -0.3359 -0.3726 0.8650
vn 0.3163 0.0186 0.9485
vn 0.7900 0.3881 0.4746
vn 0.8077 0.5194 -0.2791
vn 0.6222 -0.4031 -0.6711
vn 0.9167 -0.2824 -0.2827
vn 0.9051 -0.3686 0.2119
vn 0.5942 -0.6111 0.5229
vn 0.1661 -0.8679 0.4682
vn -0.1284 -0.9885 0.0797
vn -0.1168 -0.9024 -0.4149
vn 0.1941 -0.6599 -0.7259
vn 0.4167 0.2337 -0.8785
vn 0.5223 -0.8421 -0.1345
vn 0.8612 0.4158 -0.2922
vn 0.8438 0.2857 0.4543
vn 0.3746 -0.0803 0.9237
vn -0.2715 -0.4678 0.8411
vn -0.7160 -0.6499 0.2548
vn -0.6986 -0.5198 -0.4917
vn -0.2294 -0.1538 -0.9611
vn -0.9535 0.2532 -0.1637
vn 0.7520 -0.3300 -0.5707
vn 0.5888 -0.7576 -0.2817
vn 0.4757 -0.8462 0.2400
vn 0.4789 -0.5440 0.6890
vn 0.5964 -0.0281 0.8022
vn 0.7596 0.3995 0.5133
vn 0.8727 0.4882 -0.0085
vn 0.8696 0.1860 -0.4575
vn 0.1309 -0.2190 -0.9669
vn 0.2972 0.5105 -0.8069
vn -0.0997 -0.8236 -0.5584
vn -0.2597 -0.9489 0.1793
vn -0.2552 -0.5217 0.8141
vn -0.0890 0.2079 0.9741
vn 0.1417 0.8124 0.5656
vn 0.3016 0.9378 -0.1721
vn 0.9008 0.1476 -0.4084
vn 0.9037 0.4280 0.0082
vn 0.7987 0.3458 0.4924
vn 0.6474 -0.0510 0.7605
vn 0.5383 -0.5298 0.6555
vn 0.5354 -0.8101 0.2388
vn 0.6403 -0.7279 -0.2453
vn 0.7917 -0.3312 -0.5134
vn 0.4061 0.4760 -0.7800
vn 0.9535 -0.2532 0.1637
vn 0.4105 0.8992 -0.1513
vn 0.2521 0.7750 0.5794
vn 0.0236 0.1763 0.9841
vn -0.1411 -0.5464 0.8255
vn -0.1455 -0.9696 0.1968
vn 0.0130 -0.8454 -0.5339
vn 0.2415 -0.2466 -0.9386
vn -0.9682 0.2490 -0.0226
vn 0.6684 -0.3025 -0.6796
vn 0.5487 -0.7414 -0.3864
vn 0.5086 -0.8491 0.1425
vn 0.5717 -0.5626 0.5972
vn 0.7010 -0.0496 0.7115
vn 0.8206 0.3893 0.4183
vn 0.8607 0.4970 -0.1105
vn 0.7976 0.2105 -0.5653
vn -0.0017 -0.1843 -0.9829
vn 0.1810 0.5410 -0.8213
vn -0.1710 -0.8048 -0.5684
vn -0.2276 -0.9571 0.1793
vn -0.1384 -0.5520 0.8223
vn 0.0444 0.1733 0.9839
vn 0.2136 0.7938 0.5694
vn 0.2702 0.9461 -0.1784
vn 0.8355 0.1707 -0.5223
vn 0.8940 0.4366 -0.1003
vn 0.8569 0.3367 0.3904
vn 0.7458 -0.0705 0.6624
vn 0.6259 -0.5465 0.5564
vn 0.5674 -0.8124 0.1344
vn 0.6045 -0.7125 -0.3563
vn 0.7156 -0.3052 -0.6283
vn 0.2928 0.5067 -0.8109
vn 0.9682 -0.2490 0.0226
vn 0.3811 0.9080 -0.1740
vn 0.3250 0.7571 0.5666
vn 0.1574 0.1425 0.9772
vn -0.0236 -0.5759 0.8172
vn -0.1119 -0.9772 0.1803
vn -0.0559 -0.8264 -0.5604
vn 0.1118 -0.2117 -0.9709
vn -0.7707 0.3123 -0.5554
vn 0.8709 -0.4532 -0.1902
vn 0.5555 -0.8308 0.0352
vn 0.2339 -0.8511 0.4700
vn 0.0946 -0.5022 0.8596
vn 0.2191 0.0115 0.9756
vn 0.5345 0.3891 0.7502
vn 0.8561 0.4094 0.3154
vn 0.9954 0.0606 -0.0742
vn 0.4777 -0.3354 -0.8120
vn 0.6538 0.3910 -0.6479
vn 0.0318 -0.8693 -0.4933
vn -0.4229 -0.8980 0.1215
vn -0.6199 -0.4047 0.6723
vn -0.4438 0.3216 0.8364
vn 0.0022 0.8555 0.5177
vn 0.4568 0.8843 -0.0971
vn 0.9996 0.0254 -0.0141
vn 0.8703 0.3492 0.3474
vn 0.5719 0.3303 0.7509
vn 0.2793 -0.0201 0.9600
vn 0.1637 -0.4968 0.8523
vn 0.2930 -0.8205 0.4908
vn 0.5914 -0.8017 0.0874
vn 0.8840 -0.4513 -0.1218
vn 0.7379 0.3507 -0.5766
vn 0.7707 -0.3123 0.5554
vn 0.5428 0.8393 -0.0311
vn 0.0925 0.8108 0.5779
vn -0.3493 0.2820 0.8936
vn -0.5236 -0.4375 0.7310
vn -0.3285 -0.9261 0.1855
vn 0.1218 -0.8977 -0.4235
vn 0.5636 -0.3688 -0.7392
vn -0.9610 0.2524 0.1133
vn 0.5711 -0.2811 -0.7713
vn 0.4877 -0.7294 -0.4797
vn 0.5167 -0.8549 0.0459
vn 0.6411 -0.5842 0.4977
vn 0.7880 -0.0758 0.6110
vn 0.8713 0.3724 0.3195
vn 0.8423 0.4980 -0.2061
vn 0.7180 0.2273 -0.6579
vn -0.1322 -0.1507 -0.9797
vn 0.0755 0.5681 -0.8195
vn -0.2500 -0.7845 -0.5675
vn -0.2091 -0.9620 0.1757
vn -0.0332 -0.5793 0.8145
vn 0.1745 0.1396 0.9747
vn 0.2924 0.7734 0.5625
vn 0.2514 0.9509 -0.1806
vn 0.7609 0.1860 -0.6217
vn 0.8763 0.4372 -0.2024
vn 0.9032 0.3207 0.2853
vn 0.8258 -0.0952 0.5558
vn 0.6895 -0.5670 0.4507
vn 0.5741 -0.8182 0.0314
vn 0.5472 -0.7017 -0.4563
vn 0.6246 -0.2857 -0.7268
vn 0.1874 0.5332 -0.8250
vn 0.9610 -0.2524 -0.1133
vn 0.3616 0.9123 -0.1922
vn 0.4022 0.7365 0.5439
vn 0.2855 0.1086 0.9522
vn 0.0797 -0.6033 0.7935
vn -0.0945 -0.9825 0.1607
vn -0.1351 -0.8066 -0.5754
vn -0.0183 -0.1788 -0.9837
vn -0.9584 0.2579 0.1223
vn 0.5624 -0.2832 -0.7768
vn 0.4790 -0.7315 -0.4853
vn 0.5120 -0.8581 0.0399
vn 0.6420 -0.5889 0.4910
vn 0.7929 -0.0816 0.6038
vn 0.8764 0.3667 0.3123
vn 0.8434 0.4933 -0.2129
vn 0.7134 0.2241 -0.6640
vn -0.1419 -0.1482 -0.9787
vn 0.0716 0.5691 -0.8192
vn -0.2598 -0.7820 -0.5665
vn -0.2132 -0.9610 0.1760
vn -0.0294 -0.5804 0.8138
vn 0.1841 0.1369 0.9733
vn 0.3020 0.7707 0.5611
vn 0.2554 0.9497 -0.1814
vn 0.7564 0.1825 -0.6282
vn 0.8770 0.4323 -0.2096
vn 0.9076 0.3148 0.2777
vn 0.8302 -0.1011 0.5482
vn 0.6901 -0.5718 0.4435
vn 0.5695 -0.8216 0.0249
vn 0.5389 -0.7042 -0.4624
vn 0.6163 -0.2882 -0.7329
vn 0.1832 0.5334 -0.8258
vn 0.9584 -0.2579 -0.1223
vn 0.3653 0.9104 -0.1940
vn 0.4115 0.7331 0.5415
vn 0.2946 0.1054 0.9498
vn 0.0832 -0.6051 0.7918
vn -0.0989 -0.9822 0.1600
vn -0.1450 -0.8048 -0.5755
vn -0.0282 -0.1771 -0.9838
vn -0.5801 0.5105 -0.6347
vn 0.7791 -0.6195 -0.0962
vn 0.3582 -0.9329 0.0363
vn -0.0322 -0.9113 0.4105
vn -0.1635 -0.5673 0.8071
vn 0.0413 -0.1025 0.9939
vn 0.4621 0.2109 0.8614
vn 0.8525 0.1893 0.4872
vn 0.9838 -0.1547 0.0905
vn 0.5343 -0.3768 -0.7567
vn 0.8238 0.2805 -0.4926
vn -0.0607 -0.8199 -0.5693
vn -0.6127 -0.7893 -0.0403
vn -0.7983 -0.3029 0.5205
vn -0.5088 0.3543 0.7846
vn 0.0862 0.7974 0.5973
vn 0.6382 0.7668 0.0682
vn 0.9700 -0.1938 0.1465
vn 0.8482 0.1254 0.5146
vn 0.4860 0.1454 0.8618
vn 0.0954 -0.1454 0.9848
vn -0.0946 -0.5767 0.8115
vn 0.0273 -0.8959 0.4434
vn 0.3895 -0.9160 0.0962
vn 0.7800 -0.6251 -0.0268
vn 0.8840 0.2180 -0.4136
vn 0.5801 -0.5105 0.6347
vn 0.7002 0.6997 0.1419
vn 0.1534 0.7300 0.6660
vn -0.4360 0.2911 0.8516
vn -0.7227 -0.3599 0.5900
vn -0.5389 -0.8417 0.0345
vn 0.0078 -0.8719 -0.4895
vn 0.5972 -0.4330 -0.6751
vn -0.3553 0.7505 -0.5573
vn 0.6099 -0.7753 -0.1641
vn 0.1122 -0.9852 -0.1294
vn -0.3040 -0.9288 0.2119
vn -0.3949 -0.6392 0.6599
vn -0.1073 -0.2860 0.9522
vn 0.3903 -0.0761 0.9175
vn 0.8065 -0.1325 0.5762
vn 0.8974 -0.4221 0.1282
vn 0.5148 -0.3625 -0.7769
vn 0.9214 0.1369 -0.3636
vn -0.1888 -0.6592 -0.7279
vn -0.7772 -0.5795 -0.2453
vn -0.9058 -0.1700 0.3882
vn -0.4992 0.3294 0.8014
vn 0.2044 0.6262 0.7524
vn 0.7928 0.5464 0.2698
vn 0.8677 -0.4657 0.1739
vn 0.7833 -0.1969 0.5896
vn 0.3972 -0.1446 0.9063
vn -0.0647 -0.3392 0.9385
vn -0.3314 -0.6670 0.6672
vn -0.2470 -0.9358 0.2515
vn 0.1391 -0.9881 -0.0652
vn 0.6009 -0.7934 -0.0974
vn 0.9544 0.0477 -0.2949
vn 0.3553 -0.7505 0.5573
vn 0.8270 0.4533 0.3326
vn 0.2441 0.5323 0.8106
vn -0.4528 0.2383 0.8592
vn -0.8556 -0.2563 0.4498
vn -0.7282 -0.6619 -0.1777
vn -0.1453 -0.7409 -0.6557
vn 0.5516 -0.4470 -0.7042
vn -0.3082 0.9067 -0.2880
vn 0.5181 -0.7400 -0.4288
vn 0.0046 -0.9100 -0.4145
vn -0.3841 -0.9225 -0.0381
vn -0.4200 -0.7702 0.4800
vn -0.0823 -0.5422 0.8362
vn 0.4313 -0.3722 0.8219
vn 0.8199 -0.3597 0.4454
vn 0.8559 -0.5121 -0.0727
vn 0.4313 -0.1598 -0.8880
vn 0.9088 0.1625 -0.3843
vn -0.2949 -0.4002 -0.8677
vn -0.8443 -0.4178 -0.3354
vn -0.8952 -0.2024 0.3970
vn -0.4177 0.1199 0.9006
vn 0.3085 0.3603 0.8804
vn 0.8579 0.3779 0.3481
vn 0.8245 -0.5645 -0.0390
vn 0.7912 -0.4231 0.4417
vn 0.4306 -0.4347 0.7910
vn -0.0461 -0.5924 0.8043
vn -0.3594 -0.8040 0.4738
vn -0.3260 -0.9453 -0.0069
vn 0.0346 -0.9337 -0.3563
vn 0.5112 -0.7760 -0.3695
vn 0.9363 0.0547 -0.3470
vn 0.3082 -0.9067 0.2880
vn 0.8859 0.2681 0.3786
vn 0.3417 0.2506 0.9058
vn -0.3776 0.0125 0.9259
vn -0.8506 -0.3068 0.4270
vn -0.8002 -0.5201 -0.2985
vn -0.2560 -0.5026 -0.8257
vn 0.4633 -0.2645 -0.8458
vn -0.3331 0.9417 -0.0470
vn 0.4826 -0.6115 -0.6271
vn -0.0277 -0.7911 -0.6110
vn -0.3837 -0.8975 -0.2175
vn -0.3770 -0.8681 0.3228
vn -0.0115 -0.7203 0.6935
vn 0.4987 -0.5406 0.6775
vn 0.8548 -0.4344 0.2840
vn 0.8481 -0.4637 -0.2564
vn 0.3566 0.0562 -0.9326
vn 0.8734 0.2652 -0.4084
vn -0.3648 -0.1978 -0.9098
vn -0.8682 -0.3481 -0.3535
vn -0.8588 -0.3066 0.4105
vn -0.3419 -0.0977 0.9346
vn 0.3795 0.1564 0.9119
vn 0.8829 0.3067 0.3556
vn 0.8198 -0.5230 -0.2332
vn 0.8260 -0.4958 0.2682
vn 0.4956 -0.5945 0.6332
vn 0.0222 -0.7612 0.6481
vn -0.3171 -0.8983 0.3042
vn -0.3232 -0.9255 -0.1972
vn 0.0072 -0.8269 -0.5623
vn 0.4806 -0.6602 -0.5772
vn 0.9042 0.1523 -0.3990
vn 0.3331 -0.9417 0.0470
vn 0.9136 0.1934 0.3577
vn 0.4149 0.0445 0.9088
vn -0.2997 -0.2070 0.9313
vn -0.8116 -0.4141 0.4121
vn -0.8210 -0.4552 -0.3447
vn -0.3223 -0.3063 -0.8957
vn 0.3923 -0.0547 -0.9182
vn 0.5223 0.8421 0.1345
vn -0.1537 -0.6217 -0.7680
vn 0.1813 -0.8831 -0.4328
vn 0.1938 -0.9759 0.1002
vn -0.1236 -0.8459 0.5188
vn -0.5849 -0.5692 0.5778
vn -0.9200 -0.3078 0.2426
vn -0.9325 -0.2150 -0.2904
vn -0.6151 -0.3450 -0.7090
vn 0.2934 -0.0557 -0.9544
vn -0.3589 0.3356 -0.8710
vn 0.7671 -0.4252 -0.4805
vn 0.7847 -0.5565 0.2731
vn 0.3359 -0.3726 0.8650
vn -0.3163 0.0186 0.9485
vn -0.7900 0.3881 0.4746
vn -0.8077 0.5194 -0.2791
vn -0.6222 -0.4031 -0.6711
vn -0.9167 -0.2824 -0.2827
vn -0.9051 -0.3686 0.2119
vn -0.5942 -0.6111 0.5229
vn -0.1661 -0.8679 0.4682
vn 0.1284 -0.9885 0.0797
vn 0.1168 -0.9024 -0.4149
vn -0.1941 -0.6599 -0.7259
vn -0.4167 0.2337 -0.8785
vn -0.5223 -0.8421 -0.1345
vn -0.8612 0.4158 -0.2922
vn -0.8438 0.2857 0.4543
vn -0.3746 -0.0803 0.9237
vn 0.2715 -0.4678 0.8411
vn 0.7160 -0.6499 0.2548
vn 0.6986 -0.5198 -0.4917
vn 0.2294 -0.1538 -0.9611
vn 0.9535 0.2532 -0.1637
vn -0.7520 -0.3300 -0.5707
vn -0.5888 -0.7576 -0.2817
vn -0.4757 -0.8462 0.2400
vn -0.4789 -0.5441 0.6890
vn -0.5964 -0.0280 0.8022
vn -0.7596 0.3995 0.5133
vn -0.8727 0.4882 -0.0085
vn -0.8696 0.1860 -0.4575
vn -0.1309 -0.2190 -0.9669
vn -0.2972 0.5105 -0.8069
vn 0.0997 -0.8235 -0.5584
vn 0.2597 -0.9489 0.1793
vn 0.2552 -0.5217 0.8141
vn 0.0890 0.2079 0.9741
vn -0.1417 0.8124 0.5656
vn -0.3016 0.9378 -0.1721
vn -0.9008 0.1477 -0.4084
vn -0.9037 0.4281 0.0082
vn -0.7988 0.3458 0.4924
vn -0.6474 -0.0510 0.7604
vn -0.5383 -0.5298 0.6554
vn -0.5353 -0.8102 0.2388
vn -0.6403 -0.7279 -0.2453
vn -0.7917 -0.3311 -0.5134
vn -0.4062 0.4760 -0.7800
vn -0.9535 -0.2532 0.1637
vn -0.4105 0.8992 -0.1513
vn -0.2521 0.7750 0.5794
vn -0.0236 0.1762 0.9841
vn 0.1411 -0.5464 0.8255
vn 0.1455 -0.9696 0.1968
vn -0.0130 -0.8454 -0.5339
vn -0.2415 -0.2466 -0.9385
vn 0.9682 0.2490 -0.0226
vn -0.6684 -0.3025 -0.6796
vn -0.5487 -0.7414 -0.3864
vn -0.5086 -0.8491 0.1425
vn -0.5717 -0.5626 0.5972
vn -0.7010 -0.0496 0.7115
vn -0.8207 0.3893 0.4183
vn -0.8607 0.4970 -0.1105
vn -0.7976 0.2105 -0.5653
vn 0.0017 -0.1843 -0.9829
vn -0.1810 0.5410 -0.8213
vn 0.1710 -0.8048 -0.5684
vn 0.2276 -0.9571 0.1794
vn 0.1384 -0.5520 0.8223
vn -0.0444 0.1733 0.9839
vn -0.2136 0.7938 0.5694
vn -0.2702 0.9461 -0.1784
vn -0.8355 0.1708 -0.5223
vn -0.8940 0.4366 -0.1003
vn -0.8569 0.3367 0.3904
vn -0.7458 -0.0705 0.6624
vn -0.6259 -0.5465 0.5564
vn -0.5674 -0.8124 0.1344
vn -0.6045 -0.7125 -0.3563
vn -0.7156 -0.3052 -0.6283
vn -0.2928 0.5067 -0.8109
vn -0.9682 -0.2490 0.0226
vn -0.3811 0.9080 -0.1740
vn -0.3250 0.7572 0.5666
vn -0.1574 0.1425 0.9772
vn 0.0236 -0.5759 0.8172
vn 0.1119 -0.9772 0.1803
vn 0.0558 -0.8264 -0.5604
vn -0.1118 -0.2117 -0.9709
vn 0.7707 0.3123 -0.5554
vn -0.8709 -0.4532 -0.1902
vn -0.5555 -0.8308 0.0352
vn -0.2339 -0.8511 0.4700
vn -0.0946 -0.5022 0.8595
vn -0.2191 0.0115 0.9756
vn -0.5345 0.3891 0.7502
vn -0.8561 0.4095 0.3154
vn -0.9954 0.0605 -0.0742
vn -0.4777 -0.3354 -0.8120
vn -0.6538 0.3910 -0.6479
vn -0.0318 -0.8693 -0.4933
vn 0.4229 -0.8980 0.1215
vn 0.6199 -0.4047 0.6723
vn 0.4438 0.3216 0.8364
vn -0.0022 0.8555 0.5177
vn -0.4568 0.8843 -0.0971
vn -0.9996 0.0254 -0.0141
vn -0.8703 0.3491 0.3474
vn -0.5720 0.3303 0.7509
vn -0.2793 -0.0201 0.9600
vn -0.1637 -0.4968 0.8523
vn -0.2930 -0.8205 0.4908
vn -0.5914 -0.8017 0.0874
vn -0.8840 -0.4513 -0.1218
vn -0.7379 0.3507 -0.5766
vn -0.7707 -0.3123 0.5554
vn -0.5428 0.8393 -0.0310
vn -0.0925 0.8108 0.5779
vn 0.3492 0.2820 0.8936
vn 0.5236 -0.4375 0.7310
vn 0.3285 -0.9261 0.1855
vn -0.1218 -0.8977 -0.4235
vn -0.5636 -0.3688 -0.7392
vn 0.9610 0.2524 0.1133
vn -0.5710 -0.2811 -0.7713
vn -0.4877 -0.7294 -0.4797
vn -0.5167 -0.8549 0.0459
vn -0.6411 -0.5842 0.4977
vn -0.7879 -0.0758 0.6111
vn -0.8713 0.3724 0.3195
vn -0.8423 0.4980 -0.2061
vn -0.7179 0.2273 -0.6579
vn 0.1322 -0.1507 -0.9797
vn -0.0755 0.5681 -0.8195
vn 0.2500 -0.7845 -0.5675
vn 0.2091 -0.9620 0.1757
vn 0.0332 -0.5793 0.8145
vn -0.1745 0.1396 0.9747
vn -0.2924 0.7734 0.5625
vn -0.2514 0.9509 -0.1806
vn -0.7609 0.1860 -0.6217
vn -0.8763 0.4372 -0.2024
vn -0.9032 0.3207 0.2853
vn -0.8259 -0.0952 0.5558
vn -0.6895 -0.5670 0.4507
vn -0.5741 -0.8182 0.0314
vn -0.5472 -0.7017 -0.4563
vn -0.6246 -0.2857 -0.7268
vn -0.1874 0.5332 -0.8250
vn -0.9610 -0.2524 -0.1133
vn -0.3616 0.9123 -0.1922
vn -0.4022 0.7365 0.5439
vn -0.2855 0.1086 0.9522
vn -0.0798 -0.6034 0.7935
vn 0.0945 -0.9825 0.1607
vn 0.1351 -0.8066 -0.5754
vn 0.0183 -0.1788 -0.9837
vn 0.9584 0.2579 0.1223
vn -0.5624 -0.2832 -0.7768
vn -0.4790 -0.7315 -0.4853
vn -0.5119 -0.8581 0.0399
vn -0.6420 -0.5889 0.4910
vn -0.7929 -0.0816 0.6038
vn -0.8764 0.3667 0.3123
vn -0.8434 0.4933 -0.2129
vn -0.7134 0.2241 -0.6640
vn 0.1419 -0.1482 -0.9787
vn -0.0716 0.5691 -0.8192
vn 0.2598 -0.7820 -0.5665
vn 0.2132 -0.9610 0.1760
vn 0.0294 -0.5804 0.8138
vn -0.1841 0.1369 0.9733
vn -0.3020 0.7707 0.5611
vn -0.2554 0.9497 -0.1814
vn -0.7564 0.1825 -0.6282
vn -0.8770 0.4323 -0.2096
vn -0.9076 0.3148 0.2777
vn -0.8302 -0.1011 0.5482
vn -0.6901 -0.5718 0.4435
vn -0.5695 -0.8216 0.0249
vn -0.5389 -0.7041 -0.4624
vn -0.6163 -0.2882 -0.7329
vn -0.1832 0.5334 -0.8258
vn -0.9584 -0.2579 -0.1223
vn -0.3653 0.9105 -0.1940
vn -0.4115 0.7331 0.5415
vn -0.2946 0.1054 0.9498
vn -0.0832 -0.6051 0.7918
vn 0.0989 -0.9822 0.1600
vn 0.1451 -0.8048 -0.5755
vn 0.0282 -0.1771 -0.9838
vn 0.5801 0.5105 -0.6347
vn -0.7790 -0.6195 -0.0962
vn -0.3582 -0.9329 0.0363
vn 0.0322 -0.9113 0.4105
vn 0.1635 -0.5673 0.8071
vn -0.0413 -0.1025 0.9939
vn -0.4621 0.2109 0.8614
vn -0.8525 0.1893 0.4872
vn -0.9838 -0.1547 0.0905
vn -0.5343 -0.3768 -0.7567
vn -0.8238 0.2805 -0.4926
vn 0.0607 -0.8199 -0.5693
vn 0.6127 -0.7893 -0.0403
vn 0.7983 -0.3029 0.5205
vn 0.5088 0.3543 0.7846
vn -0.0862 0.7974 0.5973
vn -0.6382 0.7668 0.0682
vn -0.9700 -0.1938 0.1466
vn -0.8482 0.1253 0.5146
vn -0.4860 0.1454 0.8618
vn -0.0955 -0.1454 0.9848
vn 0.0945 -0.5767 0.8115
vn -0.0273 -0.8959 0.4434
vn -0.3896 -0.9160 0.0962
vn -0.7800 -0.6252 -0.0268
vn -0.8840 0.2180 -0.4135
vn -0.5801 -0.5105 0.6347
vn -0.7002 0.6997 0.1420
vn -0.1534 0.7300 0.6660
vn 0.4360 0.2911 0.8516
vn 0.7228 -0.3599 0.5900
vn 0.5389 -0.8417 0.0345
vn -0.0079 -0.8720 -0.4895
vn -0.5972 -0.4330 -0.6751
vn 0.3553 0.7505 -0.5573
vn -0.6099 -0.7753 -0.1641
vn -0.1122 -0.9852 -0.1294
vn 0.3040 -0.9288 0.2119
vn 0.3949 -0.6392 0.6599
vn 0.1073 -0.2860 0.9522
vn -0.3903 -0.0761 0.9175
vn -0.8065 -0.1325 0.5762
vn -0.8974 -0.4221 0.1282
vn -0.5148 -0.3625 -0.7769
vn -0.9214 0.1369 -0.3636
vn 0.1888 -0.6592 -0.7279
vn 0.7772 -0.5795 -0.2453
vn 0.9058 -0.1700 0.3882
vn 0.4992 0.3294 0.8014
vn -0.2044 0.6262 0.7524
vn -0.7928 0.5464 0.2698
vn -0.8677 -0.4657 0.1739
vn -0.7833 -0.1969 0.5896
vn -0.3972 -0.1446 0.9063
vn 0.0646 -0.3393 0.9385
vn 0.3314 -0.6671 0.6672
vn 0.2470 -0.9358 0.2515
vn -0.1391 -0.9881 -0.0652
vn -0.6009 -0.7934 -0.0974
vn -0.9543 0.0477 -0.2949
vn -0.3553 -0.7505 0.5573
vn -0.8270 0.4533 0.3326
vn -0.2441 0.5323 0.8106
vn 0.4528 0.2384 0.8591
vn 0.8556 -0.2563 0.4498
vn 0.7282 -0.6619 -0.1777
vn 0.1453 -0.7409 -0.6557
vn -0.5516 -0.4470 -0.7042
vn 0.3082 0.9067 -0.2880
vn -0.5181 -0.7400 -0.4288
vn -0.0045 -0.9100 -0.4145
vn 0.3841 -0.9225 -0.0381
vn 0.4200 -0.7702 0.4800
vn 0.0823 -0.5422 0.8362
vn -0.4313 -0.3722 0.8219
vn -0.8199 -0.3597 0.4454
vn -0.8559 -0.5121 -0.0727
vn -0.4313 -0.1598 -0.8880
vn -0.9088 0.1625 -0.3843
vn 0.2949 -0.4002 -0.8677
vn 0.8443 -0.4178 -0.3354
vn 0.8952 -0.2024 0.3970
vn 0.4177 0.1199 0.9006
vn -0.3085 0.3602 0.8804
vn -0.8579 0.3779 0.3481
vn -0.8245 -0.5645 -0.0390
vn -0.7911 -0.4231 0.4417
vn -0.4306 -0.4347 0.7910
vn 0.0460 -0.5924 0.8043
vn 0.3594 -0.8040 0.4738
vn 0.3260 -0.9453 -0.0069
vn -0.0346 -0.9337 -0.3563
vn -0.5111 -0.7760 -0.3696
vn -0.9363 0.0547 -0.3470
vn -0.3082 -0.9067 0.2880
vn -0.8859 0.2680 0.3786
vn -0.3417 0.2506 0.9058
vn 0.3776 0.0125 0.9259
vn 0.8506 -0.3068 0.4270
vn 0.8002 -0.5201 -0.2985
vn 0.2560 -0.5026 -0.8257
vn -0.4633 -0.2645 -0.8458
vn 0.3331 0.9417 -0.0470
vn -0.4826 -0.6115 -0.6271
vn 0.0277 -0.7911 -0.6110
vn 0.3837 -0.8975 -0.2175
vn 0.3770 -0.8681 0.3228
vn 0.0115 -0.7203 0.6935
vn -0.4988 -0.5406 0.6775
vn -0.8548 -0.4343 0.2840
vn -0.8481 -0.4637 -0.2564
vn -0.3566 0.0562 -0.9326
vn -0.8734 0.2652 -0.4084
vn 0.3648 -0.1978 -0.9098
vn 0.8682 -0.3481 -0.3535
vn 0.8588 -0.3066 0.4105
vn 0.3420 -0.0977 0.9346
vn -0.3795 0.1564 0.9119
vn -0.8829 0.3067 0.3556
vn -0.8198 -0.5230 -0.2332
vn -0.8260 -0.4958 0.2682
vn -0.4956 -0.5944 0.6333
vn -0.0221 -0.7612 0.6482
vn 0.3170 -0.8983 0.3042
vn 0.3232 -0.9255 -0.1972
vn -0.0071 -0.8269 -0.5623
vn -0.4806 -0.6602 -0.5772
vn -0.9042 0.1523 -0.3990
vn -0.3331 -0.9417 0.0470
vn -0.9136 0.1934 0.3577
vn -0.4149 0.0445 0.9088
vn 0.2997 -0.2072 0.9313
vn 0.8116 -0.4141 0.4121
vn 0.8210 -0.4552 -0.3447
vn 0.3223 -0.3063 -0.8957
vn -0.3923 -0.0547 -0.9182
vt 0.225389 0.643746
vt 0.239776 0.620737
vt 0.260122 0.620758
vt 0.274509 0.643798
vt 0.274509 0.676359
vt 0.260122 0.699369
vt 0.239776 0.699347
vt 0.225389 0.676307
vt 0.088204 0.403457
vt 0.056710 0.403457
vt 0.058335 0.397890
vt 0.086565 0.397890
vt 0.110846 0.386954
vt 0.106861 0.383098
vt 0.247769 0.784358
vt 0.219349 0.779195
vt 0.222450 0.774376
vt 0.247926 0.779005
vt 0.277469 0.779535
vt 0.274547 0.774682
vt 0.118728 0.639193
vt 0.136201 0.622799
vt 0.139926 0.625821
vt 0.124263 0.640516
vt 0.118728 0.668894
vt 0.124263 0.667139
vt 0.136201 0.694503
vt 0.139926 0.690094
vt 0.034813 0.386954
vt 0.038708 0.383098
vt 0.057230 0.443358
vt 0.089782 0.443358
vt 0.946459 0.439125
vt 0.893588 0.438302
vt 0.898286 0.408831
vt 0.951315 0.408664
vt 0.965385 0.336298
vt 0.965385 0.289379
vt 0.996884 0.289417
vt 0.997942 0.336337
vt 0.219349 0.832379
vt 0.248723 0.837715
vt 0.279420 0.832731
vt 0.893465 0.162026
vt 0.951243 0.162758
vt 0.952100 0.192406
vt 0.894351 0.192669
vt 0.951243 0.220903
vt 0.893465 0.222123
vt 0.951315 0.468794
vt 0.898286 0.467007
vt 0.040867 0.379477
vt 0.059213 0.393304
vt 0.058452 0.395736
vt 0.039049 0.381112
vt 0.491085 0.379663
vt 0.505726 0.401120
vt 0.504139 0.403110
vt 0.488656 0.380418
vt 0.491085 0.354779
vt 0.488656 0.354100
vt 0.505726 0.341043
vt 0.504139 0.339573
vt 0.247976 0.774027
vt 0.272860 0.769986
vt 0.274216 0.772028
vt 0.247899 0.776302
vt 0.224164 0.769700
vt 0.222715 0.771727
vt 0.085600 0.393304
vt 0.104571 0.379477
vt 0.106423 0.381112
vt 0.086359 0.395736
vt 0.141179 0.346097
vt 0.136968 0.372514
vt 0.134574 0.372463
vt 0.138737 0.346348
vt 0.041309 0.359923
vt 0.060280 0.346097
vt 0.086667 0.346097
vt 0.105013 0.359923
vt 0.141179 0.398244
vt 0.138737 0.397899
vt 0.025347 0.497587
vt 0.026115 0.472043
vt 0.028855 0.472013
vt 0.028096 0.497265
vt 0.025347 0.445468
vt 0.028096 0.445742
vt 0.373806 0.372321
vt 0.373806 0.344087
vt 0.375866 0.344215
vt 0.375866 0.372127
vt 0.367527 0.683887
vt 0.367527 0.651384
vt 0.390148 0.628143
vt 0.422139 0.627779
vt 0.444760 0.650505
vt 0.444760 0.683008
vt 0.422139 0.706248
vt 0.390148 0.706612
vt 0.194531 0.533481
vt 0.216269 0.556255
vt 0.211561 0.558356
vt 0.192077 0.537941
vt 0.891711 0.415916
vt 0.861721 0.418365
vt 0.862003 0.413640
vt 0.888885 0.411444
vt 0.137389 0.532711
vt 0.137389 0.502366
vt 0.141179 0.505036
vt 0.141179 0.532237
vt 0.228970 0.467735
vt 0.225389 0.446977
vt 0.230822 0.446324
vt 0.234032 0.464930
vt 0.251327 0.488320
vt 0.254072 0.483382
vt 0.279364 0.496674
vt 0.279204 0.490871
vt 0.216269 0.587331
vt 0.194531 0.608504
vt 0.192077 0.605190
vt 0.211561 0.586211
vt 0.833632 0.472898
vt 0.833703 0.415916
vt 0.862592 0.475430
vt 0.944323 0.517896
vt 0.886329 0.517928
vt 0.885756 0.488554
vt 0.943731 0.487536
vt 0.893588 0.472898
vt 0.889597 0.856649
vt 0.947572 0.857665
vt 0.947731 0.886493
vt 0.889761 0.886445
vt 0.947572 0.915862
vt 0.889596 0.916800
vt 0.954088 0.615609
vt 0.954088 0.566355
vt 0.985507 0.567321
vt 0.986562 0.616607
vt 0.225389 0.529845
vt 0.254368 0.538480
vt 0.943731 0.547686
vt 0.885756 0.546750
vt 0.323643 0.840097
vt 0.341619 0.821262
vt 0.343817 0.822060
vt 0.324804 0.841979
vt 0.298220 0.840355
vt 0.297916 0.842252
vt 0.256571 0.479082
vt 0.280062 0.486081
vt 0.280243 0.488616
vt 0.255398 0.481213
vt 0.237839 0.461835
vt 0.235587 0.462972
vt 0.234839 0.444443
vt 0.232414 0.444578
vt 0.323643 0.776415
vt 0.298219 0.776673
vt 0.297916 0.774902
vt 0.324804 0.774629
vt 0.341619 0.794884
vt 0.343817 0.794162
vt 0.220731 0.396413
vt 0.221245 0.422743
vt 0.218450 0.422737
vt 0.217943 0.396708
vt 0.280243 0.821885
vt 0.280243 0.795507
vt 0.220731 0.448578
vt 0.217943 0.448276
vt 0.222475 0.496608
vt 0.222618 0.470283
vt 0.225389 0.470293
vt 0.225249 0.496317
vt 0.222475 0.444443
vt 0.225248 0.444748
vt 0.861991 0.410835
vt 0.888565 0.408664
vt 0.836888 0.411444
vt 0.837163 0.408664
vt 0.640731 0.464727
vt 0.640731 0.432178
vt 0.662547 0.408956
vt 0.693401 0.408664
vt 0.715218 0.431473
vt 0.715218 0.464022
vt 0.693401 0.487244
vt 0.662547 0.487536
vt 0.813847 0.341793
vt 0.786266 0.337013
vt 0.789619 0.332463
vt 0.814341 0.336748
vt 0.844114 0.339269
vt 0.841472 0.334486
vt 0.488656 0.548336
vt 0.500693 0.519528
vt 0.503487 0.523021
vt 0.492697 0.548844
vt 0.500693 0.577306
vt 0.503487 0.574811
vt 0.807189 0.582060
vt 0.777000 0.577508
vt 0.779762 0.572543
vt 0.806822 0.576623
vt 0.834891 0.575758
vt 0.831653 0.570974
vt 0.864739 0.575053
vt 0.835784 0.573454
vt 0.838831 0.569148
vt 0.864785 0.570581
vt 0.270247 0.538480
vt 0.270247 0.569851
vt 0.265941 0.568549
vt 0.265941 0.540429
vt 0.784895 0.392494
vt 0.813402 0.397434
vt 0.864818 0.632717
vt 0.893991 0.573454
vt 0.895052 0.631065
vt 0.844686 0.394826
vt 0.885699 0.644965
vt 0.943313 0.646049
vt 0.944503 0.674959
vt 0.886929 0.674846
vt 0.943313 0.704252
vt 0.885699 0.705123
vt 0.775056 0.629734
vt 0.806258 0.634438
vt 0.834891 0.627925
vt 0.834891 0.631064
vt 0.413764 0.844169
vt 0.432272 0.825505
vt 0.434304 0.826272
vt 0.414730 0.846011
vt 0.387605 0.844169
vt 0.387064 0.846011
vt 0.806654 0.571636
vt 0.829865 0.566355
vt 0.831377 0.568370
vt 0.806830 0.573954
vt 0.781361 0.567822
vt 0.780079 0.569921
vt 0.387640 0.780445
vt 0.369133 0.799110
vt 0.367527 0.798356
vt 0.387101 0.778616
vt 0.413799 0.780445
vt 0.414767 0.778616
vt 0.814632 0.331854
vt 0.839991 0.329740
vt 0.841223 0.331739
vt 0.814402 0.333976
vt 0.432286 0.799110
vt 0.434319 0.798356
vt 0.891006 0.569148
vt 0.864786 0.567773
vt 0.890707 0.566355
vt 0.369118 0.825505
vt 0.839129 0.566355
vt 0.217456 0.396413
vt 0.218522 0.370156
vt 0.221245 0.370167
vt 0.220190 0.396124
vt 0.217456 0.344241
vt 0.220190 0.344548
vt 0.789963 0.329740
vt 0.640731 0.510393
vt 0.662585 0.487536
vt 0.693493 0.487764
vt 0.715348 0.510945
vt 0.715348 0.543498
vt 0.693493 0.566355
vt 0.662586 0.566127
vt 0.640731 0.542947
vt 0.367359 0.637673
vt 0.367359 0.668569
vt 0.361815 0.666857
vt 0.361815 0.639163
vt 0.350087 0.618575
vt 0.346333 0.622045
vt 0.794628 0.734028
vt 0.765275 0.730345
vt 0.768254 0.725671
vt 0.794565 0.728972
vt 0.823472 0.730345
vt 0.820420 0.725671
vt 0.058351 0.502238
vt 0.034813 0.485174
vt 0.038924 0.481391
vt 0.060022 0.496686
vt 0.089712 0.502238
vt 0.088133 0.496686
vt 0.110525 0.485175
vt 0.106790 0.481391
vt 0.350087 0.693165
vt 0.346333 0.688905
vt 0.506987 0.952053
vt 0.449230 0.950745
vt 0.448328 0.922449
vt 0.506056 0.922807
vt 0.939367 0.750928
vt 0.883974 0.751129
vt 0.887279 0.722160
vt 0.942783 0.720987
vt 0.449229 0.892648
vt 0.506987 0.892005
vt 0.763926 0.785865
vt 0.794265 0.789672
vt 0.824077 0.785865
vt 0.942783 0.778434
vt 0.942783 0.720987
vt 0.974041 0.721246
vt 0.975091 0.778702
vt 0.053677 0.540497
vt 0.086091 0.540497
vt 0.942783 0.781149
vt 0.887279 0.780368
vt 0.428552 0.409239
vt 0.443023 0.388631
vt 0.445454 0.389392
vt 0.430149 0.411187
vt 0.087398 0.492170
vt 0.104836 0.477873
vt 0.106594 0.479482
vt 0.088151 0.494602
vt 0.061122 0.492170
vt 0.060362 0.494602
vt 0.041401 0.477873
vt 0.039504 0.479482
vt 0.794543 0.724072
vt 0.818711 0.720987
vt 0.820134 0.722936
vt 0.794574 0.726199
vt 0.769950 0.720987
vt 0.768565 0.722936
vt 0.443023 0.362744
vt 0.428552 0.346744
vt 0.430149 0.345092
vt 0.445454 0.362014
vt 0.141179 0.398244
vt 0.138216 0.424211
vt 0.135661 0.424224
vt 0.138589 0.398555
vt 0.083502 0.443358
vt 0.103223 0.457655
vt 0.039787 0.457655
vt 0.057226 0.443358
vt 0.141179 0.450420
vt 0.138589 0.450133
vt 0.029365 0.577576
vt 0.029365 0.549556
vt 0.032078 0.549628
vt 0.032078 0.577327
vt 0.446820 0.449874
vt 0.446012 0.476586
vt 0.443274 0.476547
vt 0.444073 0.450140
vt 0.446820 0.501950
vt 0.444073 0.501620
vt 0.665443 0.137532
vt 0.665443 0.104972
vt 0.686074 0.081845
vt 0.715250 0.081697
vt 0.735881 0.104616
vt 0.735881 0.137176
vt 0.715250 0.160304
vt 0.686074 0.160451
vt 0.667970 0.739532
vt 0.640731 0.733582
vt 0.644046 0.728872
vt 0.668462 0.734205
vt 0.698414 0.735726
vt 0.695752 0.730793
vt 0.206820 0.479134
vt 0.218875 0.450028
vt 0.221948 0.453064
vt 0.211142 0.479153
vt 0.218875 0.508238
vt 0.221948 0.505242
vt 0.736625 0.735073
vt 0.706212 0.731777
vt 0.708888 0.726976
vt 0.736149 0.729931
vt 0.763926 0.730278
vt 0.760621 0.725633
vt 0.802710 0.419732
vt 0.773479 0.417844
vt 0.776395 0.413322
vt 0.802597 0.415014
vt 0.831678 0.416766
vt 0.828564 0.412355
vt 0.640731 0.786932
vt 0.668884 0.793082
vt 0.803691 0.476806
vt 0.833632 0.473741
vt 0.700351 0.789148
vt 0.579346 0.862708
vt 0.636345 0.863686
vt 0.638377 0.892791
vt 0.581446 0.892790
vt 0.636345 0.921897
vt 0.579346 0.922874
vt 0.704274 0.786741
vt 0.735709 0.790147
vt 0.763926 0.785191
vt 0.773478 0.474855
vt 0.782595 0.855245
vt 0.808989 0.855245
vt 0.809765 0.857063
vt 0.781851 0.857063
vt 0.778007 0.408664
vt 0.802498 0.410246
vt 0.802547 0.412209
vt 0.776644 0.410536
vt 0.735921 0.725004
vt 0.758795 0.720987
vt 0.760339 0.722925
vt 0.736147 0.727174
vt 0.710440 0.722243
vt 0.709198 0.724253
vt 0.808982 0.791526
vt 0.782588 0.791526
vt 0.781843 0.789672
vt 0.809758 0.789672
vt 0.827647 0.810189
vt 0.829499 0.809410
vt 0.668700 0.729234
vt 0.694208 0.726045
vt 0.695443 0.728124
vt 0.668465 0.731497
vt 0.645877 0.724249
vt 0.644329 0.726224
vt 0.828216 0.409581
vt 0.827650 0.836582
vt 0.763929 0.836582
vt 0.763926 0.810189
vt 0.130087 0.398275
vt 0.131908 0.372185
vt 0.134574 0.372185
vt 0.132774 0.397977
vt 0.130087 0.346097
vt 0.132774 0.346395
vt 0.509262 0.706332
vt 0.509262 0.673774
vt 0.529789 0.650605
vt 0.558819 0.650398
vt 0.579346 0.673274
vt 0.579346 0.705833
vt 0.558819 0.729001
vt 0.529789 0.729208
vt 0.536495 0.744655
vt 0.509262 0.738543
vt 0.512578 0.733825
vt 0.536989 0.739305
vt 0.566943 0.740777
vt 0.564282 0.735828
vt 0.488656 0.490422
vt 0.500710 0.461318
vt 0.503783 0.464311
vt 0.492977 0.490399
vt 0.500710 0.519528
vt 0.503783 0.516488
vt 0.759149 0.256075
vt 0.728739 0.252857
vt 0.731416 0.248077
vt 0.758675 0.250962
vt 0.786455 0.251445
vt 0.783151 0.246811
vt 0.803516 0.656019
vt 0.774258 0.654146
vt 0.777169 0.649623
vt 0.803394 0.651302
vt 0.832457 0.653044
vt 0.829336 0.648635
vt 0.509262 0.791643
vt 0.537409 0.797961
vt 0.804498 0.713095
vt 0.834411 0.710021
vt 0.568880 0.793952
vt 0.509262 0.865239
vt 0.566263 0.866198
vt 0.568293 0.895324
vt 0.511360 0.895344
vt 0.566263 0.924409
vt 0.509262 0.925405
vt 0.726801 0.308017
vt 0.758232 0.311342
vt 0.786455 0.306557
vt 0.774258 0.711159
vt 0.659395 0.858658
vt 0.685790 0.858658
vt 0.686550 0.860469
vt 0.658634 0.860469
vt 0.778777 0.644965
vt 0.803290 0.646534
vt 0.803342 0.648497
vt 0.777417 0.646837
vt 0.758447 0.246044
vt 0.781325 0.242164
vt 0.782869 0.244096
vt 0.758673 0.248199
vt 0.732968 0.243348
vt 0.731726 0.245348
vt 0.685790 0.794942
vt 0.659395 0.794942
vt 0.658634 0.793082
vt 0.686550 0.793082
vt 0.704455 0.813604
vt 0.706290 0.812819
vt 0.537227 0.734330
vt 0.562738 0.731080
vt 0.563973 0.733167
vt 0.536992 0.736604
vt 0.514410 0.729208
vt 0.512861 0.731187
vt 0.828987 0.645860
vt 0.704454 0.839996
vt 0.640731 0.839996
vt 0.640731 0.813604
vt 0.020861 0.497647
vt 0.022680 0.471576
vt 0.025347 0.471574
vt 0.023548 0.497347
vt 0.020861 0.445468
vt 0.023548 0.445765
vt 0.599742 0.102750
vt 0.618986 0.081697
vt 0.646200 0.084172
vt 0.665443 0.108725
vt 0.665443 0.140973
vt 0.646200 0.162026
vt 0.618986 0.159551
vt 0.599742 0.134998
vt 0.085023 0.852460
vt 0.057783 0.862611
vt 0.057159 0.856902
vt 0.081576 0.847803
vt 0.914646 0.088651
vt 0.884688 0.088259
vt 0.885031 0.084459
vt 0.911884 0.084811
vt 0.763525 0.372124
vt 0.763525 0.342119
vt 0.769033 0.343934
vt 0.769033 0.370829
vt 0.776677 0.398821
vt 0.780821 0.394760
vt 0.388233 0.503254
vt 0.367527 0.488192
vt 0.371320 0.484185
vt 0.389881 0.497686
vt 0.419609 0.503254
vt 0.418005 0.497686
vt 0.443274 0.488193
vt 0.439217 0.484185
vt 0.027335 0.857932
vt 0.029866 0.852708
vt 0.855414 0.146582
vt 0.856612 0.088651
vt 0.884433 0.146177
vt 0.027335 0.904027
vt 0.058806 0.908863
vt 0.915397 0.146582
vt 0.715963 0.351737
vt 0.715963 0.382749
vt 0.509377 0.925405
vt 0.567378 0.926462
vt 0.567266 0.951619
vt 0.509262 0.951407
vt 0.567378 0.982816
vt 0.509377 0.983652
vt 0.391156 0.546846
vt 0.423585 0.546846
vt 0.944503 0.699837
vt 0.945482 0.651359
vt 0.974627 0.644965
vt 0.974627 0.693228
vt 0.031264 0.848076
vt 0.056775 0.851997
vt 0.057063 0.854468
vt 0.030082 0.850322
vt 0.416968 0.492959
vt 0.436796 0.480340
vt 0.438671 0.482030
vt 0.417700 0.495376
vt 0.390680 0.492959
vt 0.389898 0.495376
vt 0.373331 0.480340
vt 0.371550 0.482030
vt 0.773876 0.369712
vt 0.784895 0.392080
vt 0.783158 0.393928
vt 0.771504 0.370272
vt 0.773876 0.344573
vt 0.771505 0.343684
vt 0.784895 0.331388
vt 0.783158 0.329740
vt 0.079598 0.843492
vt 0.081200 0.845473
vt 0.421200 0.449874
vt 0.438549 0.462493
vt 0.375084 0.462493
vt 0.394912 0.449873
vt 0.509131 0.507083
vt 0.509131 0.533829
vt 0.507059 0.533070
vt 0.507059 0.506630
vt 0.445257 0.580660
vt 0.445257 0.552695
vt 0.448038 0.552804
vt 0.448038 0.580450
vt 0.885071 0.081697
vt 0.911617 0.082044
vt 0.859864 0.084811
vt 0.860192 0.082044
vt 0.367527 0.567263
vt 0.385098 0.546846
vt 0.409948 0.550134
vt 0.427519 0.575201
vt 0.427519 0.607363
vt 0.409947 0.627779
vt 0.385098 0.624491
vt 0.367527 0.599424
vt 0.274509 0.708031
vt 0.250778 0.718183
vt 0.249375 0.712799
vt 0.270646 0.703699
vt 0.855414 0.090724
vt 0.825603 0.091752
vt 0.825937 0.087234
vt 0.852659 0.086312
vt 0.713248 0.024114
vt 0.730735 -0.000000
vt 0.734457 0.004211
vt 0.718783 0.025827
vt 0.713248 0.055252
vt 0.718783 0.053738
vt 0.730735 0.075174
vt 0.734458 0.071595
vt 0.768374 0.097479
vt 0.737814 0.093683
vt 0.740427 0.088698
vt 0.767821 0.092101
vt 0.795378 0.091003
vt 0.792026 0.086296
vt 0.219349 0.717453
vt 0.221202 0.712146
vt 0.795378 0.146752
vt 0.797328 0.089275
vt 0.824602 0.149312
vt 0.219349 0.768947
vt 0.251834 0.769700
vt 0.855414 0.148249
vt 0.948248 0.967919
vt 0.949243 0.923490
vt 0.978883 0.916800
vt 0.978883 0.961004
vt 0.579346 0.980873
vt 0.580162 0.922874
vt 0.605212 0.923181
vt 0.605237 0.981191
vt 0.636433 0.922874
vt 0.637506 0.980873
vt 0.735881 0.146543
vt 0.767467 0.150467
vt 0.795378 0.143773
vt 0.222226 0.707263
vt 0.248559 0.707874
vt 0.249211 0.710172
vt 0.221360 0.709525
vt 0.767549 0.087123
vt 0.790174 0.081697
vt 0.791740 0.083673
vt 0.767812 0.089412
vt 0.741944 0.083943
vt 0.740732 0.086048
vt 0.723239 0.053139
vt 0.737891 0.069830
vt 0.736305 0.071526
vt 0.720810 0.053873
vt 0.723239 0.027050
vt 0.720810 0.026281
vt 0.737891 0.006846
vt 0.736305 0.004913
vt 0.826159 0.082559
vt 0.851136 0.081697
vt 0.852423 0.083515
vt 0.826008 0.084426
vt 0.268442 0.699369
vt 0.270239 0.701176
vt 0.758610 0.004362
vt 0.773261 0.021053
vt 0.773261 0.047142
vt 0.758610 0.067346
vt 0.506001 0.390012
vt 0.505726 0.362027
vt 0.508513 0.362116
vt 0.508785 0.389782
vt 0.506001 0.339573
vt 0.508785 0.339920
vt 0.800592 0.085014
vt 0.800953 0.082231
vt 0.448328 0.626238
vt 0.465489 0.602048
vt 0.489759 0.600293
vt 0.506920 0.622001
vt 0.506920 0.654456
vt 0.489759 0.678646
vt 0.465489 0.680401
vt 0.448328 0.658693
vt 0.829632 0.176869
vt 0.800919 0.171568
vt 0.803967 0.166703
vt 0.829704 0.171454
vt 0.859095 0.171568
vt 0.856115 0.166703
vt 0.000000 0.466334
vt 0.017079 0.445468
vt 0.020861 0.449210
vt 0.005552 0.467915
vt -0.000000 0.497705
vt 0.005552 0.496034
vt 0.017079 0.521202
vt 0.020861 0.517096
vt 0.540385 0.807649
vt 0.509531 0.807010
vt 0.511890 0.802586
vt 0.539547 0.803158
vt 0.743711 0.585385
vt 0.719329 0.575067
vt 0.723132 0.570684
vt 0.744987 0.579933
vt 0.775056 0.584105
vt 0.773084 0.578785
vt 0.800796 0.224085
vt 0.830472 0.229564
vt 0.742658 0.636089
vt 0.775056 0.634765
vt 0.860925 0.224085
vt 0.948342 0.051012
vt 0.949389 0.002102
vt 0.980591 0.000000
vt 0.980591 0.048839
vt 0.219349 0.963965
vt 0.221249 0.907197
vt 0.246708 0.903962
vt 0.245663 0.960621
vt 0.277828 0.905275
vt 0.277828 0.961979
vt 0.509262 0.864579
vt 0.541153 0.865239
vt 0.566697 0.804952
vt 0.568348 0.862452
vt 0.745732 0.575001
vt 0.771994 0.573928
vt 0.772916 0.576199
vt 0.745140 0.577334
vt 0.725303 0.566355
vt 0.723535 0.568190
vt 0.513203 0.797961
vt 0.539055 0.798497
vt 0.539443 0.800351
vt 0.512102 0.799785
vt 0.836843 0.690492
vt 0.851153 0.710179
vt 0.849545 0.712074
vt 0.834411 0.691253
vt 0.836843 0.664208
vt 0.834411 0.663455
vt 0.851153 0.646725
vt 0.849545 0.644965
vt 0.829713 0.166467
vt 0.854399 0.162026
vt 0.855783 0.164077
vt 0.829675 0.168774
vt 0.805656 0.162026
vt 0.804232 0.164077
vt 0.871390 0.648284
vt 0.885699 0.667971
vt 0.885699 0.694254
vt 0.871389 0.711738
vt 0.563132 0.800741
vt 0.562759 0.797961
vt 0.448038 0.501950
vt 0.445914 0.529789
vt 0.443274 0.529566
vt 0.445373 0.502045
vt 0.448038 0.552695
vt 0.445373 0.552210
vt 0.373806 0.400353
vt 0.373806 0.372321
vt 0.375968 0.372698
vt 0.375968 0.400409
vt 0.141179 0.565696
vt 0.156086 0.539232
vt 0.177169 0.533481
vt 0.192077 0.551812
vt 0.192077 0.583487
vt 0.177169 0.609952
vt 0.156086 0.615702
vt 0.141179 0.597371
vt 0.858039 0.874168
vt 0.829499 0.865979
vt 0.832575 0.861068
vt 0.858158 0.868408
vt 0.887644 0.866850
vt 0.884695 0.861848
vt 0.715348 0.505034
vt 0.730295 0.487536
vt 0.734313 0.491000
vt 0.720914 0.506685
vt 0.715348 0.535559
vt 0.720914 0.534046
vt 0.730295 0.561229
vt 0.734313 0.557056
vt 0.398618 0.852484
vt 0.367729 0.853092
vt 0.370065 0.849308
vt 0.397753 0.848764
vt 0.855210 0.506033
vt 0.828171 0.496582
vt 0.831650 0.491933
vt 0.855886 0.500404
vt 0.885756 0.502045
vt 0.883268 0.496829
vt 0.829499 0.910994
vt 0.858997 0.919458
vt 0.854184 0.554645
vt 0.885756 0.550523
vt 0.889596 0.911894
vt 0.951315 0.459288
vt 0.951985 0.408664
vt 0.983488 0.408664
vt 0.983876 0.459288
vt 0.704941 0.978159
vt 0.706857 0.925288
vt 0.733021 0.918616
vt 0.731983 0.971263
vt 0.763926 0.921419
vt 0.763926 0.974160
vt 0.367527 0.910963
vt 0.399453 0.910334
vt 0.424835 0.853092
vt 0.426550 0.910963
vt 0.856299 0.495454
vt 0.881893 0.492112
vt 0.883056 0.494344
vt 0.855987 0.497878
vt 0.833645 0.487536
vt 0.832028 0.489504
vt 0.738174 0.554343
vt 0.755885 0.559184
vt 0.755212 0.561367
vt 0.736480 0.556247
vt 0.725650 0.532835
vt 0.723235 0.533500
vt 0.725650 0.507260
vt 0.723235 0.506452
vt 0.738174 0.492599
vt 0.736480 0.490946
vt 0.858188 0.863510
vt 0.882992 0.857379
vt 0.884361 0.859525
vt 0.858128 0.866010
vt 0.834275 0.856649
vt 0.832838 0.858754
vt 0.755885 0.497440
vt 0.768408 0.518948
vt 0.768408 0.544523
vt 0.421253 0.849308
vt 0.397644 0.846011
vt 0.420875 0.846550
vt 0.370273 0.846550
vt 0.364556 0.553228
vt 0.364556 0.581045
vt 0.362173 0.581141
vt 0.362173 0.553642
vt 0.222475 0.524847
vt 0.224746 0.496778
vt 0.224746 0.524694
vt 0.095320 0.570728
vt 0.095320 0.602501
vt 0.077598 0.621751
vt 0.052535 0.617203
vt 0.034814 0.591521
vt 0.034813 0.559748
vt 0.052535 0.540497
vt 0.077598 0.545045
vt 0.876241 0.259582
vt 0.876524 0.253917
vt 0.903131 0.248868
vt 0.905925 0.253949
vt 0.847798 0.251476
vt 0.851028 0.246652
vt 0.773478 0.427719
vt 0.767919 0.429244
vt 0.752830 0.412164
vt 0.756644 0.408664
vt 0.773478 0.458634
vt 0.767919 0.456956
vt 0.756644 0.483301
vt 0.752830 0.479066
vt 0.195862 0.750343
vt 0.200996 0.748481
vt 0.209717 0.767696
vt 0.205592 0.771779
vt 0.194771 0.718868
vt 0.200018 0.720268
vt 0.202956 0.695792
vt 0.207355 0.699584
vt 0.905925 0.302142
vt 0.875245 0.307965
vt 0.141179 0.719643
vt 0.149639 0.695792
vt 0.888660 0.849789
vt 0.891911 0.819247
vt 0.947535 0.819909
vt 0.944389 0.849458
vt 0.888660 0.789672
vt 0.944389 0.791294
vt 0.997725 0.289379
vt 0.965385 0.287229
vt 0.965386 0.242164
vt 0.996675 0.244245
vt 0.948339 0.000000
vt 0.948342 0.029838
vt 0.890348 0.029865
vt 0.890346 0.000996
vt 0.948339 0.060155
vt 0.890346 0.059196
vt 0.142307 0.752174
vt 0.204946 0.721012
vt 0.202721 0.720355
vt 0.209975 0.699907
vt 0.211804 0.701678
vt 0.205860 0.747384
vt 0.203688 0.748245
vt 0.214012 0.765344
vt 0.212310 0.767241
vt 0.763373 0.455696
vt 0.765806 0.456443
vt 0.750889 0.478300
vt 0.749269 0.476363
vt 0.763373 0.429794
vt 0.765806 0.429048
vt 0.749269 0.413829
vt 0.750889 0.412164
vt 0.876717 0.248955
vt 0.876590 0.251397
vt 0.851386 0.244215
vt 0.852886 0.242164
vt 0.901588 0.244236
vt 0.902893 0.246406
vt 0.729322 0.417153
vt 0.729322 0.479688
vt 0.715218 0.463723
vt 0.715218 0.437820
vt 0.448232 0.397261
vt 0.445454 0.396968
vt 0.445456 0.370977
vt 0.448234 0.370969
vt 0.445454 0.345396
vt 0.448232 0.345092
vt 0.029423 0.445468
vt 0.032026 0.445807
vt 0.034813 0.471162
vt 0.032242 0.471117
vt 0.032026 0.497347
vt 0.029423 0.497604
vt 0.075407 0.621751
vt 0.095320 0.644065
vt 0.095320 0.676572
vt 0.075408 0.700229
vt 0.047248 0.701179
vt 0.027336 0.678865
vt 0.027335 0.646359
vt 0.047248 0.622701
vt 0.466072 0.680401
vt 0.469755 0.684227
vt 0.453850 0.703555
vt 0.448328 0.701963
vt 0.149502 0.509216
vt 0.153332 0.513581
vt 0.145871 0.530392
vt 0.141179 0.527971
vt 0.176692 0.497287
vt 0.177704 0.502889
vt 0.206820 0.499173
vt 0.204710 0.504579
vt 0.792747 0.874111
vt 0.792771 0.868361
vt 0.819093 0.861528
vt 0.822112 0.866488
vt 0.763926 0.866488
vt 0.766936 0.861528
vt 0.448328 0.733426
vt 0.453849 0.731757
vt 0.469755 0.752314
vt 0.466072 0.756359
vt 0.640731 0.980224
vt 0.642254 0.952894
vt 0.699762 0.951859
vt 0.698287 0.978302
vt 0.148817 0.936113
vt 0.141182 0.905775
vt 0.186409 0.905775
vt 0.193796 0.935127
vt 0.641098 0.921056
vt 0.698643 0.921056
vt 0.141179 0.462357
vt 0.169281 0.450028
vt 0.200421 0.451977
vt 0.947731 0.856763
vt 0.980280 0.856649
vt 0.979223 0.908433
vt 0.947731 0.908543
vt 0.793785 0.919913
vt 0.763997 0.912034
vt 0.141179 0.965919
vt 0.186406 0.963965
vt 0.458266 0.730728
vt 0.455839 0.731495
vt 0.455839 0.703615
vt 0.458266 0.704366
vt 0.473133 0.749942
vt 0.471563 0.751817
vt 0.792744 0.863450
vt 0.792729 0.865942
vt 0.767190 0.859187
vt 0.768597 0.857063
vt 0.817348 0.857063
vt 0.818750 0.859187
vt 0.178544 0.507773
vt 0.178102 0.505356
vt 0.204799 0.507026
vt 0.203787 0.509353
vt 0.155763 0.517767
vt 0.154009 0.515926
vt 0.148789 0.533481
vt 0.146633 0.532545
vt 0.471563 0.684509
vt 0.473133 0.686301
vt 0.494159 0.687114
vt 0.509026 0.706328
vt 0.509026 0.732689
vt 0.494159 0.750755
vt 0.374106 0.400942
vt 0.375968 0.400409
vt 0.375968 0.426788
vt 0.374106 0.427627
vt 0.443274 0.575075
vt 0.440936 0.574871
vt 0.440936 0.546966
vt 0.443274 0.546846
vt 0.362173 0.501914
vt 0.364901 0.502099
vt 0.366062 0.529388
vt 0.363347 0.529518
vt 0.364901 0.552826
vt 0.362173 0.553228
vt 0.648497 0.162026
vt 0.668692 0.182720
vt 0.668692 0.214763
vt 0.648497 0.239386
vt 0.619937 0.242164
vt 0.599742 0.221471
vt 0.599742 0.189427
vt 0.619937 0.164804
vt 0.019204 0.521202
vt 0.022608 0.524829
vt 0.005395 0.543531
vt 0.000000 0.542067
vt 0.903210 0.387722
vt 0.900779 0.391636
vt 0.873193 0.391732
vt 0.872435 0.387830
vt 0.851936 0.771600
vt 0.852259 0.777160
vt 0.827287 0.783473
vt 0.824077 0.778643
vt 0.882028 0.776812
vt 0.879233 0.781832
vt 0.308466 0.858264
vt 0.308582 0.852650
vt 0.335303 0.846857
vt 0.338277 0.851801
vt 0.280243 0.851801
vt 0.283284 0.846857
vt 0.000000 0.573370
vt 0.005395 0.571591
vt 0.022608 0.592571
vt 0.019203 0.596776
vt 0.844686 0.329740
vt 0.872100 0.329851
vt 0.845911 0.387722
vt 0.375463 0.942146
vt 0.370033 0.910963
vt 0.418356 0.910963
vt 0.423610 0.941133
vt 0.903909 0.329740
vt 0.824077 0.728266
vt 0.852871 0.720987
vt 0.883974 0.726374
vt 0.959915 0.342231
vt 0.992475 0.342231
vt 0.991582 0.389896
vt 0.960080 0.389896
vt 0.310799 0.907961
vt 0.281628 0.901280
vt 0.367527 0.970815
vt 0.415932 0.968870
vt 0.835412 0.045422
vt 0.833021 0.046227
vt 0.833021 0.018489
vt 0.835412 0.019194
vt 0.851502 0.065032
vt 0.850038 0.066967
vt 0.308558 0.847667
vt 0.308494 0.850080
vt 0.283485 0.844353
vt 0.284911 0.842252
vt 0.333535 0.842252
vt 0.334910 0.844353
vt 0.852402 0.782148
vt 0.852247 0.779765
vt 0.878912 0.784383
vt 0.877615 0.786515
vt 0.829061 0.788049
vt 0.827561 0.786006
vt 0.873625 0.396084
vt 0.873272 0.394506
vt 0.900543 0.394411
vt 0.899410 0.395994
vt 0.850038 0.000000
vt 0.851502 0.001713
vt 0.026868 0.497604
vt 0.029044 0.497738
vt 0.034813 0.524255
vt 0.032704 0.524428
vt 0.874256 0.003218
vt 0.890346 0.022828
vt 0.890346 0.049055
vt 0.874256 0.066537
vt 0.029044 0.549096
vt 0.026868 0.549556
vt 0.849769 0.394411
vt 0.849418 0.391636
vt 0.685663 0.645696
vt 0.704274 0.669220
vt 0.704274 0.701758
vt 0.685663 0.724249
vt 0.659342 0.723518
vt 0.640731 0.699994
vt 0.640731 0.667456
vt 0.659342 0.644965
vt 0.342314 0.698667
vt 0.346559 0.702619
vt 0.336871 0.723452
vt 0.331506 0.721910
vt 0.135563 0.463805
vt 0.130034 0.465396
vt 0.114255 0.446127
vt 0.117960 0.442307
vt 0.135563 0.495261
vt 0.130034 0.493593
vt 0.117960 0.518250
vt 0.114255 0.514200
vt 0.640622 0.672964
vt 0.635114 0.674615
vt 0.619011 0.654388
vt 0.622658 0.650398
vt 0.640622 0.704460
vt 0.635114 0.702847
vt 0.622658 0.726436
vt 0.619012 0.722546
vt 0.336933 0.751656
vt 0.331575 0.753374
vt 0.698788 0.921056
vt 0.673026 0.914880
vt 0.671976 0.860469
vt 0.696901 0.866445
vt 0.280314 0.752660
vt 0.280243 0.720139
vt 0.640730 0.916585
vt 0.640730 0.862119
vt 0.986854 0.129992
vt 0.956691 0.121219
vt 0.956691 0.081697
vt 0.985874 0.090186
vt 0.726801 0.242164
vt 0.725984 0.266748
vt 0.668072 0.267041
vt 0.668863 0.243256
vt 0.725984 0.299229
vt 0.668072 0.298467
vt 0.726801 0.320581
vt 0.668863 0.319125
vt 0.291585 0.774629
vt 0.342480 0.774629
vt 0.341834 0.750734
vt 0.339548 0.751540
vt 0.339487 0.723659
vt 0.341776 0.724372
vt 0.630733 0.701975
vt 0.633157 0.702731
vt 0.617239 0.722204
vt 0.615682 0.720388
vt 0.630733 0.675587
vt 0.633157 0.674822
vt 0.615682 0.656680
vt 0.617239 0.654826
vt 0.125596 0.492558
vt 0.128024 0.493325
vt 0.112425 0.513696
vt 0.110846 0.511820
vt 0.125595 0.466202
vt 0.128024 0.465451
vt 0.110846 0.448191
vt 0.112425 0.446401
vt 0.349064 0.703063
vt 0.350832 0.704898
vt 0.579346 0.701131
vt 0.579346 0.674742
vt 0.594397 0.656330
vt 0.594397 0.720038
vt 0.349211 0.770374
vt 0.346708 0.770709
vt 0.507059 0.556124
vt 0.504295 0.555968
vt 0.503896 0.528124
vt 0.506656 0.527958
vt 0.504295 0.507040
vt 0.507059 0.506630
vt 0.026868 0.549556
vt 0.029365 0.549865
vt 0.029365 0.577591
vt 0.026868 0.577603
vt 0.188206 0.695792
vt 0.160658 0.693786
vt 0.141179 0.669498
vt 0.141179 0.637155
vt 0.160658 0.615702
vt 0.188206 0.617708
vt 0.207685 0.641996
vt 0.207685 0.674340
vt 0.020266 0.596776
vt 0.023387 0.600113
vt 0.005221 0.618213
vt 0.000000 0.616967
vt 0.507493 0.883160
vt 0.505126 0.887447
vt 0.477513 0.887263
vt 0.476687 0.882955
vt 0.768277 0.214844
vt 0.768845 0.220236
vt 0.744692 0.226174
vt 0.741331 0.221468
vt 0.798864 0.218642
vt 0.796263 0.223641
vt 0.800790 0.015431
vt 0.801205 0.010053
vt 0.828355 0.006295
vt 0.831079 0.011238
vt 0.773261 0.009376
vt 0.776529 0.004626
vt 0.000000 0.647932
vt 0.005221 0.645968
vt 0.023388 0.667122
vt 0.020267 0.671531
vt 0.448328 0.827134
vt 0.475653 0.825100
vt 0.450250 0.884924
vt 0.837153 0.951175
vt 0.833353 0.919458
vt 0.884212 0.919458
vt 0.887889 0.950145
vt 0.507493 0.825312
vt 0.741331 0.168872
vt 0.769182 0.162026
vt 0.800796 0.165951
vt 0.833021 0.064148
vt 0.801714 0.068481
vt 0.773261 0.062223
vt 0.829499 0.978802
vt 0.880483 0.976874
vt 0.221681 0.882172
vt 0.219349 0.883046
vt 0.219349 0.855608
vt 0.221681 0.856228
vt 0.238662 0.901944
vt 0.237307 0.903957
vt 0.801399 0.005073
vt 0.801201 0.007361
vt 0.776808 0.001996
vt 0.778334 -0.000000
vt 0.826777 0.001560
vt 0.828041 0.003646
vt 0.769125 0.225216
vt 0.768856 0.222920
vt 0.795959 0.226285
vt 0.794752 0.228398
vt 0.746549 0.230765
vt 0.744978 0.228789
vt 0.478009 0.891833
vt 0.477627 0.890066
vt 0.504925 0.890247
vt 0.503819 0.892005
vt 0.237307 0.837715
vt 0.238661 0.839310
vt 0.133853 0.533481
vt 0.136165 0.533538
vt 0.141179 0.560462
vt 0.138924 0.560717
vt 0.262675 0.841329
vt 0.279656 0.861101
vt 0.279656 0.887044
vt 0.262675 0.903962
vt 0.136165 0.584522
vt 0.133853 0.585055
vt 0.454201 0.891810
vt 0.453816 0.889027
vt 0.326975 0.698667
vt 0.299600 0.696690
vt 0.280243 0.672413
vt 0.280243 0.640057
vt 0.299600 0.618575
vt 0.326975 0.620552
vt 0.346333 0.644829
vt 0.346333 0.677186
vt 0.115616 0.622799
vt 0.118728 0.626102
vt 0.100534 0.644103
vt 0.095320 0.642881
vt 0.888660 0.847754
vt 0.886295 0.852074
vt 0.858680 0.851828
vt 0.857852 0.847480
vt 0.606207 0.779294
vt 0.606797 0.784681
vt 0.582720 0.790650
vt 0.579346 0.785953
vt 0.636832 0.783014
vt 0.634248 0.788017
vt 0.795943 0.502808
vt 0.796356 0.497454
vt 0.823504 0.493765
vt 0.826229 0.498692
vt 0.768408 0.496910
vt 0.771675 0.492167
vt 0.095320 0.673791
vt 0.100534 0.671809
vt 0.118728 0.692991
vt 0.115616 0.697422
vt 0.829499 0.791896
vt 0.856818 0.789672
vt 0.831421 0.849631
vt 0.771630 0.951672
vt 0.767927 0.919913
vt 0.818834 0.919913
vt 0.822416 0.950640
vt 0.888660 0.789956
vt 0.579346 0.733319
vt 0.607108 0.726436
vt 0.638762 0.730282
vt 0.828171 0.551855
vt 0.796868 0.556108
vt 0.768408 0.550013
vt 0.763926 0.979200
vt 0.814963 0.977273
vt 0.143509 0.883874
vt 0.141179 0.884755
vt 0.141179 0.857365
vt 0.143509 0.857976
vt 0.160514 0.903673
vt 0.159164 0.905694
vt 0.796550 0.492477
vt 0.796353 0.494753
vt 0.771953 0.489527
vt 0.773479 0.487536
vt 0.821925 0.489029
vt 0.823189 0.491106
vt 0.607088 0.789659
vt 0.606809 0.787366
vt 0.633947 0.790663
vt 0.632748 0.792777
vt 0.584583 0.795239
vt 0.583007 0.793267
vt 0.859176 0.856419
vt 0.858794 0.854632
vt 0.886093 0.854876
vt 0.884988 0.856649
vt 0.159164 0.839570
vt 0.160514 0.841150
vt 0.216269 0.533481
vt 0.218583 0.533530
vt 0.223584 0.560483
vt 0.221327 0.560745
vt 0.184564 0.843253
vt 0.201569 0.863052
vt 0.201569 0.888950
vt 0.184564 0.905775
vt 0.218583 0.584474
vt 0.216269 0.585014
vt 0.835372 0.856539
vt 0.834987 0.853756
vt 0.691670 0.000000
vt 0.713248 0.022682
vt 0.713248 0.055217
vt 0.691670 0.078547
vt 0.661154 0.079005
vt 0.639576 0.056323
vt 0.639576 0.023788
vt 0.661155 0.000459
vt 0.610995 0.071019
vt 0.615225 0.068345
vt 0.639576 0.077917
vt 0.638162 0.081697
vt 0.599742 0.042667
vt 0.605138 0.042932
vt 0.610995 0.013250
vt 0.615225 0.016563
vt 0.638162 0.000000
vt 0.639576 0.004686
vt 0.050883 0.720434
vt 0.045309 0.722033
vt 0.031056 0.704773
vt 0.034982 0.701179
vt 0.050882 0.751467
vt 0.045310 0.749850
vt 0.034982 0.776098
vt 0.031056 0.771929
vt 0.424659 0.724757
vt 0.429431 0.726492
vt 0.428800 0.754724
vt 0.423956 0.756253
vt 0.763926 0.918616
vt 0.739791 0.914035
vt 0.738735 0.857765
vt 0.762086 0.862198
vt 0.367527 0.755502
vt 0.368254 0.722948
vt 0.707272 0.914714
vt 0.707272 0.858422
vt 0.959915 0.329740
vt 0.953823 0.360010
vt 0.903909 0.359487
vt 0.909803 0.330200
vt 0.959915 0.389896
vt 0.909803 0.388402
vt 0.141178 0.966662
vt 0.108685 0.966662
vt 0.109021 0.908730
vt 0.140458 0.908730
vt 0.092410 0.726892
vt 0.092410 0.758966
vt 0.372835 0.778616
vt 0.429091 0.778616
vt 0.433614 0.753908
vt 0.431589 0.754625
vt 0.432212 0.726716
vt 0.434203 0.727519
vt 0.040658 0.748672
vt 0.043086 0.749396
vt 0.028996 0.771222
vt 0.027336 0.769310
vt 0.040658 0.722672
vt 0.043086 0.721897
vt 0.027335 0.706539
vt 0.028996 0.704835
vt 0.845497 0.289470
vt 0.847798 0.290212
vt 0.829509 0.309779
vt 0.828204 0.307971
vt 0.845497 0.263082
vt 0.847798 0.262304
vt 0.828204 0.244263
vt 0.829509 0.242401
vt 0.803748 0.244039
vt 0.803644 0.242164
vt 0.803748 0.307747
vt 0.786455 0.288929
vt 0.786455 0.262540
vt 0.436140 0.774442
vt 0.433404 0.774770
vt 0.025400 0.570625
vt 0.022608 0.570369
vt 0.023430 0.542524
vt 0.026231 0.542458
vt 0.022608 0.521512
vt 0.025400 0.521202
vt 0.509238 0.560607
vt 0.507059 0.561015
vt 0.507059 0.534543
vt 0.509238 0.533829
vt 0.433798 0.546846
vt 0.436421 0.547053
vt 0.436421 0.574940
vt 0.433798 0.575055
vt 0.434925 0.706612
vt 0.437644 0.707064
vt 0.696312 0.644965
vt 0.663757 0.644965
vt 0.640734 0.621941
vt 0.640731 0.589380
vt 0.663748 0.566355
vt 0.696303 0.566355
vt 0.719325 0.589380
vt 0.719329 0.621941
vt 0.441111 0.411187
vt 0.445022 0.413007
vt 0.445022 0.441214
vt 0.441111 0.442655
vt 0.086284 0.850318
vt 0.088065 0.846278
vt 0.116292 0.846641
vt 0.117775 0.850723
vt 0.503896 0.432220
vt 0.499450 0.432263
vt 0.488656 0.406170
vt 0.491853 0.403110
vt 0.491853 0.461318
vt 0.488656 0.458345
vt 0.095754 0.771908
vt 0.097541 0.767737
vt 0.125755 0.767737
vt 0.127229 0.771908
vt 0.607905 0.810302
vt 0.608018 0.804862
vt 0.634542 0.800091
vt 0.637495 0.804978
vt 0.579346 0.804770
vt 0.582419 0.799905
vt 0.861432 0.168882
vt 0.863200 0.164814
vt 0.891421 0.164815
vt 0.892915 0.168882
vt 0.141178 0.908311
vt 0.117571 0.908730
vt 0.140615 0.850318
vt 0.893465 0.226886
vt 0.860925 0.226886
vt 0.085023 0.908311
vt 0.954088 0.566355
vt 0.951575 0.597246
vt 0.895052 0.596297
vt 0.897483 0.566411
vt 0.954088 0.626362
vt 0.897483 0.624468
vt 0.127852 0.829873
vt 0.095320 0.829873
vt 0.639448 0.857206
vt 0.608864 0.862708
vt 0.579346 0.856991
vt 0.029093 0.796586
vt 0.027335 0.795837
vt 0.047060 0.776098
vt 0.047742 0.777922
vt 0.608044 0.799873
vt 0.607987 0.802192
vt 0.582681 0.797291
vt 0.584116 0.795239
vt 0.632836 0.795413
vt 0.634207 0.797475
vt 0.074085 0.841645
vt 0.074920 0.843492
vt 0.047036 0.843492
vt 0.047720 0.841644
vt 0.092735 0.822981
vt 0.094644 0.823753
vt 0.092744 0.796586
vt 0.094654 0.795837
vt 0.074108 0.777922
vt 0.074944 0.776098
vt 0.863373 0.162026
vt 0.891271 0.162026
vt 0.029083 0.822980
vt 0.097712 0.764941
vt 0.125603 0.764941
vt 0.366062 0.501914
vt 0.363402 0.501555
vt 0.361248 0.476592
vt 0.363883 0.476663
vt 0.363402 0.450109
vt 0.366062 0.449873
vt 0.088270 0.843492
vt 0.116175 0.843851
vt 0.136413 0.843492
vt 0.136765 0.846278
vt 0.693928 0.408288
vt 0.662766 0.408664
vt 0.640731 0.385924
vt 0.640731 0.353388
vt 0.662766 0.330116
vt 0.693928 0.329740
vt 0.715963 0.352480
vt 0.715963 0.385015
vt 0.723676 0.215153
vt 0.728766 0.213717
vt 0.734934 0.234228
vt 0.730558 0.238035
vt 0.724618 0.183669
vt 0.729610 0.185495
vt 0.732832 0.162026
vt 0.736973 0.166095
vt 0.254396 0.550190
vt 0.250372 0.553087
vt 0.225389 0.542591
vt 0.226525 0.538480
vt 0.265941 0.579133
vt 0.260720 0.579031
vt 0.254396 0.608354
vt 0.250372 0.605224
vt 0.226525 0.620737
vt 0.225389 0.616323
vt 0.559850 0.269356
vt 0.561666 0.265208
vt 0.589870 0.265207
vt 0.591315 0.269356
vt 0.675805 0.238035
vt 0.668692 0.214384
vt 0.591936 0.327334
vt 0.559415 0.327334
vt 0.669665 0.181843
vt 0.086063 0.908863
vt 0.084999 0.940187
vt 0.027335 0.939450
vt 0.028365 0.909144
vt 0.086063 0.968620
vt 0.028365 0.966959
vt 0.976837 0.544390
vt 0.944323 0.544443
vt 0.945379 0.487587
vt 0.976837 0.487536
vt 0.963161 0.242164
vt 0.965385 0.273269
vt 0.908076 0.274117
vt 0.905925 0.244023
vt 0.963161 0.302062
vt 0.905925 0.301975
vt 0.589048 0.260720
vt 0.589720 0.262413
vt 0.561839 0.262413
vt 0.562685 0.260720
vt 0.202315 0.819606
vt 0.204526 0.820290
vt 0.185588 0.839570
vt 0.184409 0.837835
vt 0.202315 0.793282
vt 0.204526 0.792449
vt 0.184409 0.774282
vt 0.185588 0.772355
vt 0.159085 0.773737
vt 0.158806 0.771779
vt 0.734449 0.186574
vt 0.732349 0.185728
vt 0.739628 0.166550
vt 0.741331 0.168440
vt 0.733660 0.212952
vt 0.731514 0.213626
vt 0.739426 0.232124
vt 0.737613 0.233903
vt 0.141179 0.818291
vt 0.141179 0.791967
vt 0.159085 0.837291
vt 0.139250 0.502366
vt 0.136464 0.502088
vt 0.138371 0.477403
vt 0.141179 0.477395
vt 0.136464 0.450736
vt 0.139250 0.450420
vt 0.440936 0.575044
vt 0.438271 0.574835
vt 0.438271 0.546960
vt 0.440936 0.546846
vt 0.507550 0.454934
vt 0.504808 0.454576
vt 0.503896 0.430199
vt 0.506627 0.430276
vt 0.504808 0.403344
vt 0.507550 0.403110
vt 0.648059 0.319983
vt 0.619756 0.322262
vt 0.599742 0.301081
vt 0.599742 0.268848
vt 0.619756 0.244443
vt 0.648058 0.242164
vt 0.668072 0.263346
vt 0.668072 0.295579
vt 0.753945 0.699288
vt 0.759383 0.697620
vt 0.770071 0.717070
vt 0.765868 0.720987
vt 0.753945 0.667799
vt 0.759383 0.669393
vt 0.765868 0.644965
vt 0.770071 0.648926
vt 0.122347 0.552215
vt 0.117740 0.555188
vt 0.095320 0.544685
vt 0.097335 0.540497
vt 0.132708 0.581174
vt 0.127027 0.581147
vt 0.122347 0.610411
vt 0.117740 0.607354
vt 0.097335 0.622799
vt 0.095320 0.618459
vt 0.730759 0.800256
vt 0.732573 0.795740
vt 0.760736 0.795410
vt 0.762177 0.799887
vt 0.731452 0.857765
vt 0.710097 0.854515
vt 0.710097 0.797111
vt 0.763926 0.857384
vt 0.704274 0.698913
vt 0.704274 0.666366
vt 0.948248 0.916800
vt 0.947331 0.948292
vt 0.889596 0.947525
vt 0.890483 0.917057
vt 0.948248 0.976408
vt 0.890483 0.974728
vt 0.979993 0.842449
vt 0.947535 0.843248
vt 0.948589 0.790445
vt 0.979993 0.789672
vt 0.338237 0.907960
vt 0.338240 0.939240
vt 0.280246 0.939089
vt 0.280243 0.908825
vt 0.338236 0.967755
vt 0.280243 0.966677
vt 0.759873 0.790759
vt 0.760539 0.792607
vt 0.732698 0.792934
vt 0.733548 0.791067
vt 0.503933 0.806688
vt 0.506314 0.807350
vt 0.489090 0.825100
vt 0.487647 0.823471
vt 0.503933 0.780699
vt 0.506314 0.779864
vt 0.487646 0.760729
vt 0.489089 0.758743
vt 0.464614 0.758475
vt 0.464730 0.756359
vt 0.764269 0.670329
vt 0.761938 0.669590
vt 0.772503 0.649356
vt 0.774258 0.651197
vt 0.764269 0.696712
vt 0.761938 0.697493
vt 0.774258 0.714892
vt 0.772503 0.716721
vt 0.448328 0.801247
vt 0.448328 0.775258
vt 0.464614 0.821218
vt 0.448232 0.449117
vt 0.445454 0.448788
vt 0.445458 0.424341
vt 0.448235 0.424388
vt 0.445454 0.397524
vt 0.448232 0.397261
vt 0.034813 0.577714
vt 0.032417 0.577443
vt 0.032417 0.549607
vt 0.034813 0.549556
vt 0.507429 0.506630
vt 0.504682 0.506266
vt 0.503896 0.482161
vt 0.506635 0.482246
vt 0.504682 0.455162
vt 0.507429 0.454934
vt 0.714052 0.792921
vt 0.714389 0.790147
s 0
usemtl wood
f 448/726/385 449/727/385 450/728/385 451/729/385 452/730/385 453/731/385 454/732/385 455/733/385
f 459/734/386 457/735/386 456/736/386 458/737/386
f 461/738/387 459/734/387 458/737/387 460/739/387
f 463/740/388 461/741/388 460/742/388 462/743/388
f 465/744/389 463/740/389 462/743/389 464/745/389
f 467/746/390 465/747/390 464/748/390 466/749/390
f 469/750/391 467/746/391 466/749/391 468/751/391
f 471/752/392 469/750/392 468/751/392 470/753/392
f 457/735/393 471/754/393 470/755/393 456/736/393
f 448/756/394 457/735/394 459/734/394 449/757/394
f 455/758/395 471/759/395 457/760/395 448/761/395
f 449/762/396 459/763/396 461/764/396 450/765/396
f 450/766/397 461/741/397 463/740/397 451/767/397
f 451/767/398 463/740/398 465/744/398 452/768/398
f 452/769/399 465/770/399 467/771/399 453/772/399
f 453/772/400 467/771/400 469/773/400 454/774/400
f 454/775/401 469/776/401 471/759/401 455/758/401
f 472/777/402 486/778/402 487/779/402 473/780/402
f 475/781/403 472/782/403 473/783/403 474/784/403
f 476/785/404 475/781/404 474/784/404 477/786/404
f 478/787/405 476/785/405 477/786/405 479/788/405
f 480/789/406 478/790/406 479/791/406 481/792/406
f 482/793/407 480/789/407 481/792/407 483/794/407
f 484/795/408 482/796/408 483/797/408 485/798/408
f 486/778/409 484/795/409 485/798/409 487/779/409
f 456/799/410 470/800/410 473/801/410 487/802/410
f 484/795/411 486/778/411 472/777/411 475/803/411 476/804/411 478/805/411 480/806/411 482/796/411
f 470/800/412 468/807/412 474/808/412 473/801/412
f 468/809/413 466/810/413 477/811/413 474/812/413
f 466/810/414 464/813/414 479/814/414 477/811/414
f 464/745/415 462/743/415 481/792/415 479/791/415
f 462/743/416 460/742/416 483/794/416 481/792/416
f 460/815/417 458/816/417 485/817/417 483/818/417
f 458/737/418 456/736/418 487/779/418 485/798/418
f 488/819/419 489/820/419 490/821/419 491/822/419 492/823/419 493/824/419 494/825/419 495/826/419
f 499/827/420 497/828/420 496/829/420 498/830/420
f 501/831/421 499/832/421 498/833/421 500/834/421
f 503/835/422 501/836/422 500/837/422 502/838/422
f 505/839/423 503/840/423 502/841/423 504/842/423
f 507/843/424 505/839/424 504/842/424 506/844/424
f 509/845/425 507/843/425 506/844/425 508/846/425
f 511/847/426 509/848/426 508/849/426 510/850/426
f 497/828/427 511/847/427 510/850/427 496/829/427
f 488/851/428 497/852/428 499/832/428 489/853/428
f 495/854/429 511/855/429 497/856/429 488/857/429
f 489/853/430 499/832/430 501/831/430 490/858/430
f 490/859/431 501/860/431 503/861/431 491/862/431
f 491/862/432 503/861/432 505/863/432 492/864/432
f 492/865/433 505/866/433 507/867/433 493/868/433
f 493/869/434 507/843/434 509/845/434 494/870/434
f 494/871/435 509/872/435 511/855/435 495/854/435
f 512/873/436 526/874/436 527/875/436 513/876/436
f 515/877/437 512/873/437 513/876/437 514/878/437
f 516/879/438 515/880/438 514/881/438 517/882/438
f 518/883/439 516/879/439 517/882/439 519/884/439
f 520/885/440 518/883/440 519/884/440 521/886/440
f 522/887/441 520/888/441 521/889/441 523/890/441
f 524/891/442 522/887/442 523/890/442 525/892/442
f 526/874/443 524/891/443 525/892/443 527/875/443
f 496/893/444 510/894/444 513/895/444 527/896/444
f 524/891/445 526/874/445 512/873/445 515/877/445 516/897/445 518/898/445 520/888/445 522/887/445
f 510/894/446 508/899/446 514/900/446 513/895/446
f 508/846/447 506/844/447 517/882/447 514/881/447
f 506/844/448 504/842/448 519/884/448 517/882/448
f 504/901/449 502/902/449 521/903/449 519/904/449
f 502/902/450 500/905/450 523/906/450 521/903/450
f 500/834/451 498/833/451 525/907/451 523/908/451
f 498/833/452 496/909/452 527/910/452 525/907/452
f 528/911/453 529/912/453 530/913/453 531/914/453 532/915/453 533/916/453 534/917/453 535/918/453
f 539/919/454 537/920/454 536/921/454 538/922/454
f 541/923/455 539/919/455 538/922/455 540/924/455
f 543/925/456 541/926/456 540/927/456 542/928/456
f 545/929/457 543/925/457 542/928/457 544/930/457
f 547/931/458 545/932/458 544/933/458 546/934/458
f 549/935/459 547/931/459 546/934/459 548/936/459
f 551/937/460 549/938/460 548/939/460 550/940/460
f 537/941/461 551/942/461 550/943/461 536/944/461
f 528/945/462 537/920/462 539/919/462 529/946/462
f 535/947/463 551/937/463 537/948/463 528/949/463
f 529/946/464 539/919/464 541/923/464 530/950/464
f 530/951/465 541/952/465 543/953/465 531/954/465
f 531/954/466 543/953/466 545/955/466 532/956/466
f 532/957/467 545/932/467 547/931/467 533/958/467
f 533/958/468 547/931/468 549/935/468 534/959/468
f 534/960/469 549/938/469 551/937/469 535/947/469
f 552/961/470 566/962/470 567/963/470 553/964/470
f 555/965/471 552/961/471 553/964/471 554/966/471
f 556/967/472 555/968/472 554/969/472 557/970/472
f 558/971/473 556/967/473 557/970/473 559/972/473
f 560/973/474 558/974/474 559/975/474 561/976/474
f 562/977/475 560/973/475 561/976/475 563/978/475
f 564/979/476 562/980/476 563/981/476 565/982/476
f 566/962/477 564/983/477 565/984/477 567/963/477
f 536/985/478 550/940/478 553/986/478 567/987/478
f 564/983/479 566/962/479 552/961/479 555/965/479 556/988/479 558/974/479 560/973/479 562/977/479
f 550/940/480 548/939/480 554/989/480 553/986/480
f 548/936/481 546/934/481 557/970/481 554/969/481
f 546/934/482 544/933/482 559/972/482 557/970/482
f 544/990/483 542/991/483 561/992/483 559/993/483
f 542/991/484 540/994/484 563/995/484 561/992/484
f 540/924/485 538/922/485 565/982/485 563/981/485
f 538/922/486 536/921/486 567/996/486 565/982/486
f 568/997/487 569/998/487 570/999/487 571/1000/487 572/1001/487 573/1002/487 574/1003/487 575/1004/487
f 579/1005/488 577/1006/488 576/1007/488 578/1008/488
f 581/1009/489 579/1005/489 578/1008/489 580/1010/489
f 583/1011/490 581/1012/490 580/1013/490 582/1014/490
f 585/1015/491 583/1011/491 582/1014/491 584/1016/491
f 587/1017/492 585/1018/492 584/1019/492 586/1020/492
f 589/1021/493 587/1017/493 586/1020/493 588/1022/493
f 591/1023/494 589/1021/494 588/1022/494 590/1024/494
f 577/1006/495 591/1025/495 590/1026/495 576/1007/495
f 568/1027/496 577/1028/496 579/1029/496 569/1030/496
f 575/1031/497 591/1032/497 577/1033/497 568/1034/497
f 569/1030/498 579/1029/498 581/1035/498 570/1036/498
f 570/1037/499 581/1012/499 583/1011/499 571/1038/499
f 571/1038/500 583/1011/500 585/1015/500 572/1039/500
f 572/1040/501 585/1041/501 587/1042/501 573/1043/501
f 573/1044/502 587/1017/502 589/1021/502 574/1045/502
f 574/1046/503 589/1047/503 591/1032/503 575/1031/503
f 592/1048/504 606/1049/504 607/1050/504 593/1051/504
f 595/1052/505 592/1053/505 593/1054/505 594/1055/505
f 596/1056/506 595/1052/506 594/1055/506 597/1057/506
f 598/1058/507 596/1056/507 597/1057/507 599/1059/507
f 600/1060/508 598/1061/508 599/1062/508 601/1063/508
f 602/1064/509 600/1060/509 601/1063/509 603/1065/509
f 604/1066/510 602/1067/510 603/1068/510 605/1069/510
f 606/1049/511 604/1066/511 605/1069/511 607/1050/511
f 576/1070/512 590/1071/512 593/1072/512 607/1073/512
f 604/1074/513 606/1075/513 592/1053/513 595/1052/513 596/1056/513 598/1058/513 600/1076/513 602/1077/513
f 590/1071/514 588/1078/514 594/1079/514 593/1072/514
f 588/1022/515 586/1020/515 597/1057/515 594/1055/515
f 586/1080/516 584/1081/516 599/1082/516 597/1083/516
f 584/1016/517 582/1014/517 601/1063/517 599/1062/517
f 582/1014/518 580/1013/518 603/1065/518 601/1063/518
f 580/1084/519 578/1085/519 605/1086/519 603/1087/519
f 578/1085/520 576/1088/520 607/1089/520 605/1086/520
f 608/1090/521 609/1091/521 610/1092/521 611/1093/521 612/1094/521 613/1095/521 614/1096/521 615/1097/521
f 619/1098/522 617/1099/522 616/1100/522 618/1101/522
f 621/1102/523 619/1098/523 618/1101/523 620/1103/523
f 623/1104/524 621/1105/524 620/1106/524 622/1107/524
f 625/1108/525 623/1104/525 622/1107/525 624/1109/525
f 627/1110/526 625/1111/526 624/1112/526 626/1113/526
f 629/1114/527 627/1110/527 626/1113/527 628/1115/527
f 631/1116/528 629/1117/528 628/1118/528 630/1119/528
f 617/1120/529 631/1116/529 630/1119/529 616/1121/529
f 608/1122/530 617/1099/530 619/1098/530 609/1123/530
f 615/1124/531 631/1116/531 617/1120/531 608/1125/531
f 609/1123/532 619/1098/532 621/1102/532 610/1126/532
f 610/1127/533 621/1128/533 623/1129/533 611/1130/533
f 611/1130/534 623/1129/534 625/1131/534 612/1132/534
f 612/1133/535 625/1111/535 627/1110/535 613/1134/535
f 613/1134/536 627/1110/536 629/1114/536 614/1135/536
f 614/1136/537 629/1117/537 631/1116/537 615/1124/537
f 632/1137/538 646/1138/538 647/1139/538 633/1140/538
f 635/1141/539 632/1142/539 633/1143/539 634/1144/539
f 636/1145/540 635/1146/540 634/1147/540 637/1148/540
f 638/1149/541 636/1145/541 637/1148/541 639/1150/541
f 640/1151/542 638/1152/542 639/1153/542 641/1154/542
f 642/1155/543 640/1151/543 641/1154/543 643/1156/543
f 644/1157/544 642/1158/544 643/1159/544 645/1160/544
f 646/1161/545 644/1157/545 645/1160/545 647/1162/545
f 616/1121/546 630/1119/546 633/1143/546 647/1163/546
f 644/1164/547 646/1138/547 632/1137/547 635/1165/547 636/1166/547 638/1152/547 640/1151/547 642/1155/547
f 630/1119/548 628/1118/548 634/1144/548 633/1143/548
f 628/1115/549 626/1113/549 637/1148/549 634/1147/549
f 626/1113/550 624/1112/550 639/1150/550 637/1148/550
f 624/1167/551 622/1168/551 641/1169/551 639/1170/551
f 622/1168/552 620/1171/552 643/1172/552 641/1169/552
f 620/1103/553 618/1101/553 645/1160/553 643/1159/553
f 618/1101/554 616/1100/554 647/1162/554 645/1160/554
f 648/1173/555 649/1174/555 650/1175/555 651/1176/555 652/1177/555 653/1178/555 654/1179/555 655/1180/555
f 659/1181/556 657/1182/556 656/1183/556 658/1184/556
f 661/1185/557 659/1181/557 658/1184/557 660/1186/557
f 663/1187/558 661/1188/558 660/1189/558 662/1190/558
f 665/1191/559 663/1187/559 662/1190/559 664/1192/559
f 667/1193/560 665/1194/560 664/1195/560 666/1196/560
f 669/1197/561 667/1193/561 666/1196/561 668/1198/561
f 671/1199/562 669/1200/562 668/1201/562 670/1202/562
f 657/1203/563 671/1199/563 670/1202/563 656/1204/563
f 648/1205/564 657/1182/564 659/1181/564 649/1206/564
f 655/1207/565 671/1199/565 657/1203/565 648/1208/565
f 649/1206/566 659/1181/566 661/1185/566 650/1209/566
f 650/1210/567 661/1211/567 663/1212/567 651/1213/567
f 651/1213/568 663/1212/568 665/1214/568 652/1215/568
f 652/1216/569 665/1194/569 667/1193/569 653/1217/569
f 653/1217/570 667/1193/570 669/1197/570 654/1218/570
f 654/1219/571 669/1200/571 671/1199/571 655/1207/571
f 672/1220/572 686/1221/572 687/1222/572 673/1223/572
f 675/1224/573 672/1225/573 673/1226/573 674/1227/573
f 676/1228/574 675/1229/574 674/1230/574 677/1231/574
f 678/1232/575 676/1228/575 677/1231/575 679/1233/575
f 680/1234/576 678/1235/576 679/1236/576 681/1237/576
f 682/1238/577 680/1234/577 681/1237/577 683/1239/577
f 684/1240/578 682/1241/578 683/1242/578 685/1243/578
f 686/1244/579 684/1240/579 685/1243/579 687/1245/579
f 656/1204/580 670/1202/580 673/1226/580 687/1246/580
f 684/1247/581 686/1221/581 672/1220/581 675/1248/581 676/1249/581 678/1235/581 680/1234/581 682/1238/581
f 670/1202/582 668/1201/582 674/1227/582 673/1226/582
f 668/1198/583 666/1196/583 677/1231/583 674/1230/583
f 666/1196/584 664/1195/584 679/1233/584 677/1231/584
f 664/1250/585 662/1251/585 681/1252/585 679/1253/585
f 662/1251/586 660/1254/586 683/1255/586 681/1252/586
f 660/1186/587 658/1184/587 685/1243/587 683/1242/587
f 658/1184/588 656/1183/588 687/1245/588 685/1243/588
f 688/1256/589 689/1257/589 690/1258/589 691/1259/589 692/1260/589 693/1261/589 694/1262/589 695/1263/589
f 699/1264/590 697/1265/590 696/1266/590 698/1267/590
f 701/1268/591 699/1269/591 698/1270/591 700/1271/591
f 703/1272/592 701/1273/592 700/1274/592 702/1275/592
f 705/1276/593 703/1272/593 702/1275/593 704/1277/593
f 707/1278/594 705/1279/594 704/1280/594 706/1281/594
f 709/1282/595 707/1278/595 706/1281/595 708/1283/595
f 711/1284/596 709/1282/596 708/1283/596 710/1285/596
f 697/1265/597 711/1286/597 710/1287/597 696/1266/597
f 688/1288/598 697/1289/598 699/1269/598 689/1290/598
f 695/1291/599 711/1286/599 697/1265/599 688/1292/599
f 689/1290/600 699/1269/600 701/1268/600 690/1293/600
f 690/1294/601 701/1273/601 703/1272/601 691/1295/601
f 691/1296/602 703/1297/602 705/1298/602 692/1299/602
f 692/1299/603 705/1298/603 707/1300/603 693/1301/603
f 693/1302/604 707/1278/604 709/1282/604 694/1303/604
f 694/1304/605 709/1305/605 711/1306/605 695/1307/605
f 712/1308/606 726/1309/606 727/1310/606 713/1311/606
f 715/1312/607 712/1313/607 713/1314/607 714/1315/607
f 716/1316/608 715/1312/608 714/1315/608 717/1317/608
f 718/1318/609 716/1316/609 717/1317/609 719/1319/609
f 720/1320/610 718/1321/610 719/1322/610 721/1323/610
f 722/1324/611 720/1320/611 721/1323/611 723/1325/611
f 724/1326/612 722/1324/612 723/1325/612 725/1327/612
f 726/1309/613 724/1328/613 725/1329/613 727/1310/613
f 696/1266/614 710/1287/614 713/1311/614 727/1310/614
f 724/1330/615 726/1331/615 712/1313/615 715/1312/615 716/1316/615 718/1318/615 720/1332/615 722/1333/615
f 710/1334/616 708/1335/616 714/1336/616 713/1337/616
f 708/1283/617 706/1281/617 717/1317/617 714/1315/617
f 706/1338/618 704/1339/618 719/1340/618 717/1341/618
f 704/1277/619 702/1275/619 721/1323/619 719/1322/619
f 702/1275/620 700/1274/620 723/1325/620 721/1323/620
f 700/1271/621 698/1270/621 725/1342/621 723/1343/621
f 698/1270/622 696/1344/622 727/1345/622 725/1342/622
f 728/1346/623 729/1347/623 730/1348/623 731/1349/623 732/1350/623 733/1351/623 734/1352/623 735/1353/623
f 739/1354/624 737/1355/624 736/1356/624 738/1357/624
f 741/1358/625 739/1359/625 738/1360/625 740/1361/625
f 743/1362/626 741/1363/626 740/1364/626 742/1365/626
f 745/1366/627 743/1362/627 742/1365/627 744/1367/627
f 747/1368/628 745/1366/628 744/1367/628 746/1369/628
f 749/1370/629 747/1371/629 746/1372/629 748/1373/629
f 751/1374/630 749/1370/630 748/1373/630 750/1375/630
f 737/1355/631 751/1376/631 750/1377/631 736/1356/631
f 728/1378/632 737/1379/632 739/1359/632 729/1380/632
f 735/1381/633 751/1376/633 737/1355/633 728/1382/633
f 729/1380/634 739/1359/634 741/1358/634 730/1383/634
f 730/1384/635 741/1385/635 743/1386/635 731/1387/635
f 731/1388/636 743/1389/636 745/1390/636 732/1391/636
f 732/1391/637 745/1390/637 747/1392/637 733/1393/637
f 733/1394/638 747/1371/638 749/1370/638 734/1395/638
f 734/1395/639 749/1370/639 751/1374/639 735/1396/639
f 752/1397/640 766/1398/640 767/1399/640 753/1400/640
f 755/1401/641 752/1402/641 753/1403/641 754/1404/641
f 756/1405/642 755/1401/642 754/1404/642 757/1406/642
f 758/1407/643 756/1408/643 757/1409/643 759/1410/643
f 760/1411/644 758/1407/644 759/1410/644 761/1412/644
f 762/1413/645 760/1411/645 761/1412/645 763/1414/645
f 764/1415/646 762/1416/646 763/1417/646 765/1418/646
f 766/1398/647 764/1419/647 765/1420/647 767/1399/647
f 736/1356/648 750/1377/648 753/1400/648 767/1399/648
f 764/1421/649 766/1422/649 752/1423/649 755/1424/649 756/1408/649 758/1407/649 760/1411/649 762/1413/649
f 750/1375/650 748/1373/650 754/1404/650 753/1403/650
f 748/1373/651 746/1372/651 757/1406/651 754/1404/651
f 746/1425/652 744/1426/652 759/1427/652 757/1428/652
f 744/1426/653 742/1429/653 761/1430/653 759/1427/653
f 742/1365/654 740/1364/654 763/1414/654 761/1412/654
f 740/1361/655 738/1360/655 765/1418/655 763/1417/655
f 738/1360/656 736/1431/656 767/1432/656 765/1418/656
f 768/1433/657 769/1434/657 770/1435/657 771/1436/657 772/1437/657 773/1438/657 774/1439/657 775/1440/657
f 779/1441/658 777/1442/658 776/1443/658 778/1444/658
f 781/1445/659 779/1441/659 778/1444/659 780/1446/659
f 783/1447/660 781/1448/660 780/1449/660 782/1450/660
f 785/1451/661 783/1447/661 782/1450/661 784/1452/661
f 787/1453/662 785/1451/662 784/1452/662 786/1454/662
f 789/1455/663 787/1456/663 786/1457/663 788/1458/663
f 791/1459/664 789/1460/664 788/1461/664 790/1462/664
f 777/1463/665 791/1459/665 790/1462/665 776/1464/665
f 768/1465/666 777/1442/666 779/1441/666 769/1466/666
f 775/1467/667 791/1459/667 777/1463/667 768/1468/667
f 769/1466/668 779/1441/668 781/1445/668 770/1469/668
f 770/1470/669 781/1471/669 783/1472/669 771/1473/669
f 771/1474/670 783/1475/670 785/1476/670 772/1477/670
f 772/1477/671 785/1476/671 787/1478/671 773/1479/671
f 773/1480/672 787/1456/672 789/1455/672 774/1481/672
f 774/1481/673 789/1455/673 791/1482/673 775/1483/673
f 792/1484/674 806/1485/674 807/1486/674 793/1487/674
f 795/1488/675 792/1484/675 793/1487/675 794/1489/675
f 796/1490/676 795/1491/676 794/1492/676 797/1493/676
f 798/1494/677 796/1495/677 797/1496/677 799/1497/677
f 800/1498/678 798/1494/678 799/1497/678 801/1499/678
f 802/1500/679 800/1498/679 801/1499/679 803/1501/679
f 804/1502/680 802/1503/680 803/1504/680 805/1505/680
f 806/1506/681 804/1502/681 805/1505/681 807/1507/681
f 776/1464/682 790/1462/682 793/1487/682 807/1486/682
f 804/1508/683 806/1509/683 792/1510/683 795/1511/683 796/1495/683 798/1494/683 800/1498/683 802/1500/683
f 790/1512/684 788/1458/684 794/1492/684 793/1513/684
f 788/1458/685 786/1457/685 797/1493/685 794/1492/685
f 786/1514/686 784/1515/686 799/1516/686 797/1517/686
f 784/1515/687 782/1518/687 801/1519/687 799/1516/687
f 782/1520/688 780/1521/688 803/1522/688 801/1523/688
f 780/1446/689 778/1444/689 805/1505/689 803/1504/689
f 778/1444/690 776/1443/690 807/1507/690 805/1505/690
f 808/1524/691 809/1525/691 810/1526/691 811/1527/691 812/1528/691 813/1529/691 814/1530/691 815/1531/691
f 819/1532/692 817/1533/692 816/1534/692 818/1535/692
f 821/1536/693 819/1532/693 818/1535/693 820/1537/693
f 823/1538/694 821/1539/694 820/1540/694 822/1541/694
f 825/1542/695 823/1538/695 822/1541/695 824/1543/695
f 827/1544/696 825/1542/696 824/1543/696 826/1545/696
f 829/1546/697 827/1547/697 826/1548/697 828/1549/697
f 831/1550/698 829/1551/698 828/1552/698 830/1553/698
f 817/1554/699 831/1550/699 830/1553/699 816/1555/699
f 808/1556/700 817/1533/700 819/1532/700 809/1557/700
f 815/1558/701 831/1550/701 817/1554/701 808/1559/701
f 809/1557/702 819/1532/702 821/1536/702 810/1560/702
f 810/1561/703 821/1562/703 823/1563/703 811/1564/703
f 811/1565/704 823/1566/704 825/1567/704 812/1568/704
f 812/1568/705 825/1567/705 827/1569/705 813/1570/705
f 813/1571/706 827/1547/706 829/1546/706 814/1572/706
f 814/1572/707 829/1546/707 831/1573/707 815/1574/707
f 832/1575/708 846/1576/708 847/1577/708 833/1578/708
f 835/1579/709 832/1575/709 833/1578/709 834/1580/709
f 836/1581/710 835/1582/710 834/1583/710 837/1584/710
f 838/1585/711 836/1581/711 837/1584/711 839/1586/711
f 840/1587/712 838/1585/712 839/1586/712 841/1588/712
f 842/1589/713 840/1587/713 841/1588/713 843/1590/713
f 844/1591/714 842/1592/714 843/1593/714 845/1594/714
f 846/1595/715 844/1591/715 845/1594/715 847/1596/715
f 816/1555/716 830/1553/716 833/1578/716 847/1577/716
f 844/1597/717 846/1598/717 832/1599/717 835/1582/717 836/1581/717 838/1585/717 840/1587/717 842/1589/717
f 830/1600/718 828/1549/718 834/1601/718 833/1602/718
f 828/1549/719 826/1548/719 837/1603/719 834/1601/719
f 826/1604/720 824/1605/720 839/1606/720 837/1607/720
f 824/1543/721 822/1541/721 841/1588/721 839/1586/721
f 822/1608/722 820/901/722 843/1609/722 841/1610/722
f 820/1537/723 818/1535/723 845/1594/723 843/1593/723
f 818/1535/724 816/1534/724 847/1596/724 845/1594/724
f 848/1611/725 855/1612/725 854/1613/725 853/1614/725 852/1615/725 851/1616/725 850/1617/725 849/1618/725
f 859/1619/726 858/1620/726 856/1621/726 857/1622/726
f 861/1623/727 860/1624/727 858/1620/727 859/1619/727
f 863/1625/728 862/1626/728 860/1627/728 861/1628/728
f 865/1629/729 864/1630/729 862/1626/729 863/1625/729
f 867/1631/730 866/1632/730 864/1630/730 865/1629/730
f 869/1633/731 868/1634/731 866/1635/731 867/1636/731
f 871/1637/732 870/1638/732 868/1634/732 869/1633/732
f 857/1639/733 856/1640/733 870/1638/733 871/1637/733
f 848/1641/734 849/1642/734 859/1619/734 857/1622/734
f 855/1643/735 848/1644/735 857/1639/735 871/1637/735
f 849/1645/736 850/1646/736 861/1647/736 859/1648/736
f 850/1646/737 851/1649/737 863/1650/737 861/1647/737
f 851/1651/738 852/1652/738 865/1653/738 863/1654/738
f 852/1655/739 853/1656/739 867/1657/739 865/1658/739
f 853/1656/740 854/1659/740 869/1660/740 867/1657/740
f 854/1661/741 855/1643/741 871/1637/741 869/1633/741
f 872/1662/742 873/1663/742 887/1664/742 886/1665/742
f 875/1666/743 874/1667/743 873/1663/743 872/1662/743
f 876/1668/744 877/1669/744 874/1667/744 875/1666/744
f 878/1670/745 879/1671/745 877/1672/745 876/1673/745
f 880/1674/746 881/1675/746 879/1671/746 878/1670/746
f 882/1676/747 883/1677/747 881/1675/747 880/1674/747
f 884/1678/748 885/1679/748 883/1680/748 882/1681/748
f 886/1682/749 887/1683/749 885/1679/749 884/1678/749
f 856/1640/750 887/1664/750 873/1663/750 870/1638/750
f 884/1684/751 882/1676/751 880/1674/751 878/1670/751 876/1673/751 875/1685/751 872/1686/751 886/1687/751
f 870/1638/752 873/1663/752 874/1667/752 868/1634/752
f 868/1688/753 874/1689/753 877/1690/753 866/1691/753
f 866/1691/754 877/1690/754 879/1692/754 864/1693/754
f 864/1630/755 879/1671/755 881/1675/755 862/1626/755
f 862/1694/756 881/1695/756 883/1696/756 860/1697/756
f 860/1697/757 883/1696/757 885/1698/757 858/1699/757
f 858/1620/758 885/1679/758 887/1683/758 856/1621/758
f 888/1700/759 895/1701/759 894/1702/759 893/1703/759 892/1704/759 891/1705/759 890/1706/759 889/1707/759
f 899/1708/760 898/1709/760 896/1710/760 897/1711/760
f 901/1712/761 900/1713/761 898/1714/761 899/1715/761
f 903/1716/762 902/1717/762 900/1713/762 901/1712/762
f 905/1718/763 904/1719/763 902/1717/763 903/1716/763
f 907/1720/764 906/1721/764 904/1722/764 905/1723/764
f 909/1724/765 908/1725/765 906/1721/765 907/1720/765
f 911/1726/766 910/1727/766 908/1728/766 909/1729/766
f 897/1711/767 896/1710/767 910/1727/767 911/1726/767
f 888/1730/768 889/1731/768 899/1732/768 897/1733/768
f 895/1734/769 888/1735/769 897/1736/769 911/1737/769
f 889/1731/770 890/1738/770 901/1739/770 899/1732/770
f 890/1740/771 891/1741/771 903/1716/771 901/1712/771
f 891/1741/772 892/1742/772 905/1718/772 903/1716/772
f 892/1743/773 893/1744/773 907/1745/773 905/1746/773
f 893/1747/774 894/1748/774 909/1724/774 907/1720/774
f 894/1749/775 895/1734/775 911/1737/775 909/1750/775
f 912/1751/776 913/1752/776 927/1753/776 926/1754/776
f 915/1755/777 914/1756/777 913/1752/777 912/1751/777
f 916/1757/778 917/1758/778 914/1759/778 915/1760/778
f 918/1761/779 919/1762/779 917/1758/779 916/1757/779
f 920/1763/780 921/1764/780 919/1765/780 918/1766/780
f 922/1767/781 923/1768/781 921/1764/781 920/1763/781
f 924/1769/782 925/1770/782 923/1768/782 922/1767/782
f 926/1754/783 927/1753/783 925/1771/783 924/1772/783
f 896/1710/784 927/1753/784 913/1752/784 910/1727/784
f 924/1772/785 922/1773/785 920/1774/785 918/1775/785 916/1776/785 915/1755/785 912/1751/785 926/1754/785
f 910/1777/786 913/1778/786 914/1779/786 908/1780/786
f 908/1725/787 914/1759/787 917/1758/787 906/1721/787
f 906/1781/788 917/1782/788 919/1783/788 904/1784/788
f 904/1719/789 919/1765/789 921/1764/789 902/1717/789
f 902/1717/790 921/1764/790 923/1768/790 900/1713/790
f 900/1785/791 923/1786/791 925/1787/791 898/1788/791
f 898/1788/792 925/1787/792 927/1789/792 896/1790/792
f 928/1791/793 935/1792/793 934/1793/793 933/1794/793 932/1795/793 931/1796/793 930/1797/793 929/1798/793
f 939/1799/794 938/1800/794 936/1801/794 937/1802/794
f 941/1803/795 940/1804/795 938/1805/795 939/1806/795
f 943/1807/796 942/1808/796 940/1809/796 941/1810/796
f 945/1811/797 944/1812/797 942/1808/797 943/1807/797
f 947/1813/798 946/1814/798 944/1815/798 945/1816/798
f 949/1817/799 948/1818/799 946/1814/799 947/1813/799
f 951/1819/800 950/1820/800 948/1821/800 949/1822/800
f 937/1802/801 936/1801/801 950/1820/801 951/1819/801
f 928/1823/802 929/1824/802 939/1806/802 937/1825/802
f 935/1826/803 928/1827/803 937/1828/803 951/1829/803
f 929/1824/804 930/1830/804 941/1803/804 939/1806/804
f 930/1831/805 931/1832/805 943/1807/805 941/1810/805
f 931/1832/806 932/1833/806 945/1811/806 943/1807/806
f 932/1834/807 933/1835/807 947/1836/807 945/1837/807
f 933/1838/808 934/1839/808 949/1817/808 947/1813/808
f 934/1840/809 935/1826/809 951/1829/809 949/1841/809
f 952/1842/810 953/1843/810 967/1844/810 966/1845/810
f 955/1846/811 954/1847/811 953/1843/811 952/1842/811
f 956/1848/812 957/1849/812 954/1850/812 955/1851/812
f 958/1852/813 959/1853/813 957/1849/813 956/1848/813
f 960/1854/814 961/1855/814 959/1856/814 958/1857/814
f 962/1858/815 963/1859/815 961/1855/815 960/1854/815
f 964/1860/816 965/1861/816 963/1862/816 962/1863/816
f 966/1845/817 967/1844/817 965/1864/817 964/1865/817
f 936/1866/818 967/1867/818 953/1868/818 950/1869/818
f 964/1865/819 962/1870/819 960/1871/819 958/1872/819 956/1873/819 955/1846/819 952/1842/819 966/1845/819
f 950/1869/820 953/1868/820 954/1874/820 948/1875/820
f 948/1818/821 954/1850/821 957/1849/821 946/1814/821
f 946/1814/822 957/1849/822 959/1853/822 944/1815/822
f 944/1812/823 959/1856/823 961/1855/823 942/1808/823
f 942/1808/824 961/1855/824 963/1859/824 940/1809/824
f 940/1804/825 963/1862/825 965/1861/825 938/1805/825
f 938/1805/826 965/1861/826 967/1876/826 936/1877/826
f 968/1878/827 975/1879/827 974/1880/827 973/1881/827 972/1882/827 971/1883/827 970/1884/827 969/1885/827
f 979/1886/828 978/1887/828 976/1888/828 977/1889/828
f 981/1890/829 980/1891/829 978/1892/829 979/1893/829
f 983/1894/830 982/1895/830 980/1891/830 981/1890/830
f 985/1896/831 984/1897/831 982/1895/831 983/1894/831
f 987/1898/832 986/1899/832 984/1900/832 985/1901/832
f 989/1902/833 988/1903/833 986/1899/833 987/1898/833
f 991/1904/834 990/1905/834 988/1903/834 989/1902/834
f 977/1889/835 976/1888/835 990/1906/835 991/1907/835
f 968/1908/836 969/1909/836 979/1910/836 977/1911/836
f 975/1912/837 968/1913/837 977/1889/837 991/1907/837
f 969/1909/838 970/1914/838 981/1915/838 979/1910/838
f 970/1916/839 971/1917/839 983/1918/839 981/1919/839
f 971/1920/840 972/1921/840 985/1922/840 983/1923/840
f 972/1921/841 973/1924/841 987/1925/841 985/1922/841
f 973/1924/842 974/1926/842 989/1927/842 987/1925/842
f 974/1928/843 975/1912/843 991/1907/843 989/1929/843
f 992/1930/844 993/1931/844 1007/1932/844 1006/1933/844
f 995/1934/845 994/1935/845 993/1936/845 992/1937/845
f 996/1938/846 997/1939/846 994/1935/846 995/1934/846
f 998/1940/847 999/1941/847 997/1939/847 996/1938/847
f 1000/1942/848 1001/1943/848 999/1944/848 998/1945/848
f 1002/1946/849 1003/1947/849 1001/1943/849 1000/1942/849
f 1004/1948/850 1005/1949/850 1003/1947/850 1002/1946/850
f 1006/1933/851 1007/1932/851 1005/1950/851 1004/1951/851
f 976/1888/852 1007/1932/852 993/1931/852 990/1906/852
f 1004/1952/853 1002/1953/853 1000/1954/853 998/1940/853 996/1938/853 995/1934/853 992/1937/853 1006/1955/853
f 990/1906/854 993/1931/854 994/1956/854 988/1957/854
f 988/1903/855 994/1935/855 997/1939/855 986/1899/855
f 986/1958/856 997/1959/856 999/1960/856 984/1961/856
f 984/1961/857 999/1960/857 1001/1962/857 982/1963/857
f 982/1895/858 1001/1943/858 1003/1947/858 980/1891/858
f 980/1964/859 1003/1965/859 1005/1966/859 978/1967/859
f 978/1887/860 1005/1950/860 1007/1932/860 976/1888/860
f 1008/1968/861 1015/1969/861 1014/1970/861 1013/1971/861 1012/1972/861 1011/1973/861 1010/1974/861 1009/1975/861
f 1019/1976/862 1018/1977/862 1016/1978/862 1017/1979/862
f 1021/1980/863 1020/1981/863 1018/1982/863 1019/1983/863
f 1023/1984/864 1022/1985/864 1020/1986/864 1021/1987/864
f 1025/1988/865 1024/1989/865 1022/1985/865 1023/1984/865
f 1027/1990/866 1026/1991/866 1024/1992/866 1025/1993/866
f 1029/1994/867 1028/1995/867 1026/1991/867 1027/1990/867
f 1031/1996/868 1030/1997/868 1028/1998/868 1029/1999/868
f 1017/1979/869 1016/1978/869 1030/1997/869 1031/1996/869
f 1008/2000/870 1009/2001/870 1019/1983/870 1017/2002/870
f 1015/2003/871 1008/2004/871 1017/2005/871 1031/2006/871
f 1009/2001/872 1010/2007/872 1021/1980/872 1019/1983/872
f 1010/2008/873 1011/2009/873 1023/1984/873 1021/1987/873
f 1011/2009/874 1012/2010/874 1025/1988/874 1023/1984/874
f 1012/2011/875 1013/2012/875 1027/1990/875 1025/1993/875
f 1013/2012/876 1014/2013/876 1029/1994/876 1027/1990/876
f 1014/2014/877 1015/2003/877 1031/2006/877 1029/2015/877
f 1032/2016/878 1033/2017/878 1047/2018/878 1046/2019/878
f 1035/2020/879 1034/2021/879 1033/2017/879 1032/2016/879
f 1036/2022/880 1037/2023/880 1034/2024/880 1035/2025/880
f 1038/2026/881 1039/2027/881 1037/2023/881 1036/2022/881
f 1040/2028/882 1041/2029/882 1039/2030/882 1038/2031/882
f 1042/2032/883 1043/2033/883 1041/2029/883 1040/2028/883
f 1044/2034/884 1045/2035/884 1043/2036/884 1042/2037/884
f 1046/2019/885 1047/2018/885 1045/2038/885 1044/2039/885
f 1016/2040/886 1047/2041/886 1033/2042/886 1030/2043/886
f 1044/2039/887 1042/2044/887 1040/2045/887 1038/2046/887 1036/2047/887 1035/2020/887 1032/2016/887 1046/2019/887
f 1030/2043/888 1033/2042/888 1034/2048/888 1028/2049/888
f 1028/1995/889 1034/2024/889 1037/2023/889 1026/1991/889
f 1026/1991/890 1037/2023/890 1039/2027/890 1024/1992/890
f 1024/1989/891 1039/2030/891 1041/2029/891 1022/1985/891
f 1022/1985/892 1041/2029/892 1043/2033/892 1020/1986/892
f 1020/1981/893 1043/2036/893 1045/2035/893 1018/1982/893
f 1018/1982/894 1045/2035/894 1047/2050/894 1016/2051/894
f 1048/2052/895 1055/2053/895 1054/2054/895 1053/2055/895 1052/2056/895 1051/2057/895 1050/2058/895 1049/2059/895
f 1059/2060/896 1058/2061/896 1056/2062/896 1057/2063/896
f 1061/2064/897 1060/2065/897 1058/2066/897 1059/2067/897
f 1063/2068/898 1062/2069/898 1060/2070/898 1061/2071/898
f 1065/2072/899 1064/2073/899 1062/2069/899 1063/2068/899
f 1067/2074/900 1066/2075/900 1064/2076/900 1065/2077/900
f 1069/2078/901 1068/2079/901 1066/2075/901 1067/2074/901
f 1071/2080/902 1070/2081/902 1068/2082/902 1069/2083/902
f 1057/2063/903 1056/2062/903 1070/2081/903 1071/2080/903
f 1048/2084/904 1049/2085/904 1059/2067/904 1057/2086/904
f 1055/2087/905 1048/2088/905 1057/2089/905 1071/2090/905
f 1049/2085/906 1050/2091/906 1061/2064/906 1059/2067/906
f 1050/2092/907 1051/2093/907 1063/2068/907 1061/2071/907
f 1051/2093/908 1052/2094/908 1065/2072/908 1063/2068/908
f 1052/2095/909 1053/2096/909 1067/2074/909 1065/2077/909
f 1053/2096/910 1054/2097/910 1069/2078/910 1067/2074/910
f 1054/2098/911 1055/2087/911 1071/2090/911 1069/2099/911
f 1072/2100/912 1073/2101/912 1087/2102/912 1086/2103/912
f 1075/2104/913 1074/2105/913 1073/2101/913 1072/2100/913
f 1076/2106/914 1077/2107/914 1074/2108/914 1075/2109/914
f 1078/2110/915 1079/2111/915 1077/2107/915 1076/2106/915
f 1080/2112/916 1081/2113/916 1079/2114/916 1078/2115/916
f 1082/2116/917 1083/2117/917 1081/2113/917 1080/2112/917
f 1084/2118/918 1085/2119/918 1083/2120/918 1082/2121/918
f 1086/2103/919 1087/2102/919 1085/2122/919 1084/2123/919
f 1056/2124/920 1087/2125/920 1073/2126/920 1070/2127/920
f 1084/2123/921 1082/2128/921 1080/2129/921 1078/2130/921 1076/2131/921 1075/2104/921 1072/2100/921 1086/2103/921
f 1070/2127/922 1073/2126/922 1074/2132/922 1068/2133/922
f 1068/2079/923 1074/2108/923 1077/2107/923 1066/2075/923
f 1066/2075/924 1077/2107/924 1079/2111/924 1064/2076/924
f 1064/2073/925 1079/2114/925 1081/2113/925 1062/2069/925
f 1062/2069/926 1081/2113/926 1083/2117/926 1060/2070/926
f 1060/2065/927 1083/2120/927 1085/2119/927 1058/2066/927
f 1058/2066/928 1085/2119/928 1087/2134/928 1056/2135/928
f 1088/2136/929 1095/2137/929 1094/2138/929 1093/2139/929 1092/2140/929 1091/2141/929 1090/2142/929 1089/2143/929
f 1099/2144/930 1098/2145/930 1096/2146/930 1097/2147/930
f 1101/2148/931 1100/2149/931 1098/2145/931 1099/2144/931
f 1103/2150/932 1102/2151/932 1100/2149/932 1101/2148/932
f 1105/2152/933 1104/2153/933 1102/2151/933 1103/2150/933
f 1107/2154/934 1106/2155/934 1104/2156/934 1105/2157/934
f 1109/2158/935 1108/2159/935 1106/2155/935 1107/2154/935
f 1111/2160/936 1110/2161/936 1108/2159/936 1109/2158/936
f 1097/2162/937 1096/2163/937 1110/2164/937 1111/2165/937
f 1088/2166/938 1089/2167/938 1099/2168/938 1097/2169/938
f 1095/2170/939 1088/2171/939 1097/2162/939 1111/2165/939
f 1089/2167/940 1090/2172/940 1101/2173/940 1099/2168/940
f 1090/2174/941 1091/2175/941 1103/2176/941 1101/2177/941
f 1091/2175/942 1092/2178/942 1105/2179/942 1103/2176/942
f 1092/2180/943 1093/2181/943 1107/2182/943 1105/2183/943
f 1093/2184/944 1094/2185/944 1109/2158/944 1107/2154/944
f 1094/2186/945 1095/2170/945 1111/2165/945 1109/2187/945
f 1112/2188/946 1113/2189/946 1127/2190/946 1126/2191/946
f 1115/2192/947 1114/2193/947 1113/2194/947 1112/2195/947
f 1116/2196/948 1117/2197/948 1114/2193/948 1115/2192/948
f 1118/2198/949 1119/2199/949 1117/2197/949 1116/2196/949
f 1120/2200/950 1121/2201/950 1119/2202/950 1118/2203/950
f 1122/2204/951 1123/2205/951 1121/2201/951 1120/2200/951
f 1124/2206/952 1125/2207/952 1123/2205/952 1122/2204/952
f 1126/2208/953 1127/2209/953 1125/2207/953 1124/2206/953
f 1096/2163/954 1127/2190/954 1113/2189/954 1110/2164/954
f 1124/2206/955 1122/2204/955 1120/2200/955 1118/2203/955 1116/2210/955 1115/2211/955 1112/2212/955 1126/2208/955
f 1110/2164/956 1113/2189/956 1114/2213/956 1108/2214/956
f 1108/2159/957 1114/2193/957 1117/2197/957 1106/2155/957
f 1106/2215/958 1117/2216/958 1119/2217/958 1104/2218/958
f 1104/2218/959 1119/2217/959 1121/2219/959 1102/2220/959
f 1102/2221/960 1121/2222/960 1123/2223/960 1100/2224/960
f 1100/2225/961 1123/2226/961 1125/2227/961 1098/2228/961
f 1098/2229/962 1125/2230/962 1127/2190/962 1096/2163/962
f 1128/2231/963 1135/2232/963 1134/2233/963 1133/2234/963 1132/2235/963 1131/2236/963 1130/2237/963 1129/2238/963
f 1139/2239/964 1138/2240/964 1136/2241/964 1137/2242/964
f 1141/2243/965 1140/2244/965 1138/2245/965 1139/2246/965
f 1143/2247/966 1142/2248/966 1140/2249/966 1141/2250/966
f 1145/2251/967 1144/2252/967 1142/2248/967 1143/2247/967
f 1147/2253/968 1146/2254/968 1144/2255/968 1145/2256/968
f 1149/2257/969 1148/2258/969 1146/2259/969 1147/2260/969
f 1151/2261/970 1150/2262/970 1148/2258/970 1149/2257/970
f 1137/2263/971 1136/2264/971 1150/2265/971 1151/2266/971
f 1128/2267/972 1129/2268/972 1139/2246/972 1137/2269/972
f 1135/2270/973 1128/2271/973 1137/2263/973 1151/2266/973
f 1129/2268/974 1130/2272/974 1141/2243/974 1139/2246/974
f 1130/2273/975 1131/2274/975 1143/2275/975 1141/2276/975
f 1131/2274/976 1132/2277/976 1145/2278/976 1143/2275/976
f 1132/2279/977 1133/2280/977 1147/2253/977 1145/2256/977
f 1133/2281/978 1134/2282/978 1149/2257/978 1147/2260/978
f 1134/2282/979 1135/2283/979 1151/2261/979 1149/2257/979
f 1152/2284/980 1153/2285/980 1167/2286/980 1166/2287/980
f 1155/2288/981 1154/2289/981 1153/2290/981 1152/2291/981
f 1156/2292/982 1157/2293/982 1154/2289/982 1155/2288/982
f 1158/2294/983 1159/2295/983 1157/2296/983 1156/2297/983
f 1160/2298/984 1161/2299/984 1159/2295/984 1158/2294/984
f 1162/2300/985 1163/2301/985 1161/2299/985 1160/2298/985
f 1164/2302/986 1165/2303/986 1163/2301/986 1162/2300/986
f 1166/2287/987 1167/2286/987 1165/2303/987 1164/2302/987
f 1136/2264/988 1167/2304/988 1153/2305/988 1150/2265/988
f 1164/2302/989 1162/2300/989 1160/2298/989 1158/2294/989 1156/2297/989 1155/2306/989 1152/2284/989 1166/2287/989
f 1150/2262/990 1153/2290/990 1154/2289/990 1148/2258/990
f 1148/2258/991 1154/2289/991 1157/2293/991 1146/2259/991
f 1146/2254/992 1157/2307/992 1159/2308/992 1144/2255/992
f 1144/2309/993 1159/2310/993 1161/2311/993 1142/2312/993
f 1142/2312/994 1161/2311/994 1163/2313/994 1140/2314/994
f 1140/2244/995 1163/2315/995 1165/2316/995 1138/2245/995
f 1138/2245/996 1165/2316/996 1167/2317/996 1136/2318/996
f 1168/2319/997 1175/2320/997 1174/2321/997 1173/2322/997 1172/2323/997 1171/2324/997 1170/2325/997 1169/2326/997
f 1179/2327/998 1178/2328/998 1176/2329/998 1177/2330/998
f 1181/2331/999 1180/2332/999 1178/2328/999 1179/2327/999
f 1183/2333/1000 1182/2334/1000 1180/2332/1000 1181/2331/1000
f 1185/2335/1001 1184/2336/1001 1182/2337/1001 1183/2338/1001
f 1187/2339/1002 1186/2340/1002 1184/2336/1002 1185/2335/1002
f 1189/2341/1003 1188/2342/1003 1186/2340/1003 1187/2339/1003
f 1191/2343/1004 1190/2344/1004 1188/2342/1004 1189/2341/1004
f 1177/2345/1005 1176/2346/1005 1190/2347/1005 1191/2348/1005
f 1168/2349/1006 1169/2350/1006 1179/2327/1006 1177/2330/1006
f 1175/2351/1007 1168/2352/1007 1177/2345/1007 1191/2348/1007
f 1169/2350/1008 1170/2353/1008 1181/2331/1008 1179/2327/1008
f 1170/2354/1009 1171/2355/1009 1183/2356/1009 1181/2357/1009
f 1171/2355/1010 1172/2358/1010 1185/2359/1010 1183/2356/1010
f 1172/2360/1011 1173/2361/1011 1187/2362/1011 1185/2363/1011
f 1173/2364/1012 1174/2365/1012 1189/2366/1012 1187/2367/1012
f 1174/2365/1013 1175/2368/1013 1191/2369/1013 1189/2366/1013
f 1192/2370/1014 1193/2371/1014 1207/2372/1014 1206/2373/1014
f 1195/2374/1015 1194/2375/1015 1193/2376/1015 1192/2377/1015
f 1196/2378/1016 1197/2379/1016 1194/2375/1016 1195/2374/1016
f 1198/2380/1017 1199/2381/1017 1197/2379/1017 1196/2378/1017
f 1200/2382/1018 1201/2383/1018 1199/2381/1018 1198/2380/1018
f 1202/2384/1019 1203/2385/1019 1201/2386/1019 1200/2387/1019
f 1204/2388/1020 1205/2389/1020 1203/2385/1020 1202/2384/1020
f 1206/2390/1021 1207/2391/1021 1205/2389/1021 1204/2388/1021
f 1176/2346/1022 1207/2372/1022 1193/2371/1022 1190/2347/1022
f 1204/2392/1023 1202/2393/1023 1200/2382/1023 1198/2380/1023 1196/2378/1023 1195/2374/1023 1192/2377/1023 1206/2394/1023
f 1190/2395/1024 1193/2396/1024 1194/2397/1024 1188/2398/1024
f 1188/2398/1025 1194/2397/1025 1197/2399/1025 1186/2400/1025
f 1186/2401/1026 1197/2402/1026 1199/2403/1026 1184/2404/1026
f 1184/2405/1027 1199/2406/1027 1201/2407/1027 1182/2408/1027
f 1182/2408/1028 1201/2407/1028 1203/2409/1028 1180/2410/1028
f 1180/2332/1029 1203/2385/1029 1205/2389/1029 1178/2328/1029
f 1178/2328/1030 1205/2389/1030 1207/2391/1030 1176/2329/1030
f 1208/2411/1031 1215/2412/1031 1214/2413/1031 1213/2414/1031 1212/2415/1031 1211/2416/1031 1210/2417/1031 1209/2418/1031
f 1219/2419/1032 1218/2420/1032 1216/2421/1032 1217/2422/1032
f 1221/2423/1033 1220/2424/1033 1218/2420/1033 1219/2419/1033
f 1223/2425/1034 1222/2426/1034 1220/2424/1034 1221/2423/1034
f 1225/2427/1035 1224/2428/1035 1222/2429/1035 1223/2430/1035
f 1227/2431/1036 1226/2432/1036 1224/2428/1036 1225/2427/1036
f 1229/2433/1037 1228/2434/1037 1226/2432/1037 1227/2431/1037
f 1231/2435/1038 1230/2436/1038 1228/2434/1038 1229/2433/1038
f 1217/2437/1039 1216/2438/1039 1230/2439/1039 1231/2440/1039
f 1208/2441/1040 1209/2442/1040 1219/2443/1040 1217/2437/1040
f 1215/2444/1041 1208/2441/1041 1217/2437/1041 1231/2440/1041
f 1209/2445/1042 1210/2446/1042 1221/2423/1042 1219/2419/1042
f 1210/2447/1043 1211/2448/1043 1223/2449/1043 1221/2450/1043
f 1211/2448/1044 1212/2451/1044 1225/2452/1044 1223/2449/1044
f 1212/2453/1045 1213/2454/1045 1227/2455/1045 1225/2456/1045
f 1213/2457/1046 1214/2458/1046 1229/2459/1046 1227/2460/1046
f 1214/2458/1047 1215/2461/1047 1231/2462/1047 1229/2459/1047
f 1232/2463/1048 1233/2464/1048 1247/2465/1048 1246/2466/1048
f 1235/2467/1049 1234/2468/1049 1233/2469/1049 1232/2470/1049
f 1236/2471/1050 1237/2472/1050 1234/2468/1050 1235/2467/1050
f 1238/2473/1051 1239/2474/1051 1237/2472/1051 1236/2471/1051
f 1240/2475/1052 1241/2476/1052 1239/2474/1052 1238/2473/1052
f 1242/2477/1053 1243/2478/1053 1241/2479/1053 1240/2480/1053
f 1244/2481/1054 1245/2482/1054 1243/2478/1054 1242/2477/1054
f 1246/2483/1055 1247/2484/1055 1245/2482/1055 1244/2481/1055
f 1216/2438/1056 1247/2465/1056 1233/2464/1056 1230/2439/1056
f 1244/2485/1057 1242/2486/1057 1240/2475/1057 1238/2473/1057 1236/2471/1057 1235/2467/1057 1232/2470/1057 1246/2487/1057
f 1230/2488/1058 1233/2489/1058 1234/2490/1058 1228/2491/1058
f 1228/2491/1059 1234/2490/1059 1237/2492/1059 1226/2493/1059
f 1226/2494/1060 1237/2495/1060 1239/2496/1060 1224/2497/1060
f 1224/2498/1061 1239/2499/1061 1241/2500/1061 1222/2501/1061
f 1222/2501/1062 1241/2500/1062 1243/2502/1062 1220/2503/1062
f 1220/2424/1063 1243/2478/1063 1245/2482/1063 1218/2420/1063
f 1218/2504/1064 1245/2505/1064 1247/2465/1064 1216/2438/1064
o Cube.001
v -1.285022 0.211381 -2.395994
v -1.285022 0.363934 -2.395994
v -1.285022 0.211381 -3.241771
v -1.285022 0.363934 -3.241771
v 1.285022 0.211381 -2.395994
v 1.285022 0.363934 -2.395994
v 1.285022 0.211381 -3.241771
v 1.285022 0.363934 -3.241771
vn -1.0000 -0.0000 -0.0000
vn -0.0000 -0.0000 -1.0000
vn 1.0000 -0.0000 -0.0000
vn -0.0000 -0.0000 1.0000
vn -0.0000 -1.0000 -0.0000
vn -0.0000 1.0000 -0.0000
vt 0.434831 0.446000
vt 0.428552 0.446000
vt 0.428552 0.411187
vt 0.434831 0.411187
vt 0.367527 0.449873
vt 0.361248 0.449873
vt 0.361248 0.344087
vt 0.367527 0.344087
vt 0.135527 0.442307
vt 0.129247 0.442307
vt 0.129247 0.407494
vt 0.135527 0.407494
vt 0.373806 0.449873
vt 0.367527 0.344087
vt 0.373806 0.344087
vt 0.210806 0.344241
vt 0.210806 0.450028
vt 0.175992 0.450028
vt 0.175992 0.344241
vt 0.175992 0.344241
vt 0.175992 0.450028
vt 0.141179 0.450028
vt 0.141179 0.344241
s 0
usemtl wood
f 1248/2506/1065 1249/2507/1065 1251/2508/1065 1250/2509/1065
f 1250/2510/1066 1251/2511/1066 1255/2512/1066 1254/2513/1066
f 1254/2514/1067 1255/2515/1067 1253/2516/1067 1252/2517/1067
f 1252/2518/1068 1253/2510/1068 1249/2519/1068 1248/2520/1068
f 1250/2521/1069 1254/2522/1069 1252/2523/1069 1248/2524/1069
f 1255/2525/1070 1251/2526/1070 1249/2527/1070 1253/2528/1070
o Cube.002
v -1.207090 0.211381 1.630027
v -1.207090 0.363934 1.630027
v -1.207090 0.211381 0.784250
v -1.207090 0.363934 0.784250
v 1.207090 0.211381 1.630027
v 1.207090 0.363934 1.630027
v 1.207090 0.211381 0.784250
v 1.207090 0.363934 0.784250
vn -1.0000 -0.0000 -0.0000
vn -0.0000 -0.0000 -1.0000
vn 1.0000 -0.0000 -0.0000
vn -0.0000 -0.0000 1.0000
vn -0.0000 -1.0000 -0.0000
vn -0.0000 1.0000 -0.0000
vt 0.441111 0.446000
vt 0.434831 0.446000
vt 0.434831 0.411187
vt 0.441111 0.411187
vt 0.227524 0.443612
vt 0.221245 0.443612
vt 0.221245 0.344241
vt 0.227524 0.344241
vt 0.433798 0.581660
vt 0.427519 0.581660
vt 0.427519 0.546846
vt 0.433798 0.546846
vt 0.217085 0.443612
vt 0.210806 0.443612
vt 0.210806 0.344241
vt 0.217085 0.344241
vt 0.428552 0.345092
vt 0.428552 0.444463
vt 0.393738 0.444463
vt 0.393738 0.345092
vt 0.034813 0.346097
vt 0.034813 0.445468
vt 0.000000 0.445468
vt 0.000000 0.346097
s 0
usemtl wood
f 1256/2529/1071 1257/2530/1071 1259/2531/1071 1258/2532/1071
f 1258/2533/1072 1259/2534/1072 1263/2535/1072 1262/2536/1072
f 1262/2537/1073 1263/2538/1073 1261/2539/1073 1260/2540/1073
f 1260/2541/1074 1261/2542/1074 1257/2543/1074 1256/2544/1074
f 1258/2545/1075 1262/2546/1075 1260/2547/1075 1256/2548/1075
f 1263/2549/1076 1259/2550/1076 1257/2551/1076 1261/2552/1076
